line,from_station,to_station,direction_id,observations
Green,place-boyls,place-armnl,0,5029
Green,place-pktrm,place-boyls,0,5028
Green,place-armnl,place-coecl,0,5026
Green,place-boyls,place-pktrm,1,5009
Green,place-coecl,place-armnl,1,5007
Green,place-armnl,place-boyls,1,4997
Green,place-pktrm,place-gover,1,4764
Green,place-gover,place-pktrm,0,4757
Green,place-kencl,place-hymnl,1,3736
Green,place-hymnl,place-kencl,0,3707
Green,place-hymnl,place-coecl,1,3687
Green,place-coecl,place-hymnl,0,3685
Green,place-north,place-haecl,0,2562
Green,place-lech,place-spmnl,0,2555
Green,place-haecl,place-north,1,2549
Green,place-haecl,place-gover,0,2547
Green,place-spmnl,place-north,0,2536
Green,place-gover,place-haecl,1,2531
Green,place-spmnl,place-lech,1,2512
Green,place-north,place-spmnl,1,2511
Red,place-jfk,place-andrw,1,2129
Red,place-andrw,place-brdwy,1,2129
Red,place-brdwy,place-sstat,1,2129
Red,place-harsq,place-portr,1,2127
Red,place-portr,place-davis,1,2127
Red,place-knncl,place-cntsq,1,2126
Red,place-cntsq,place-harsq,1,2126
Red,place-davis,place-alfcl,1,2126
Red,place-sstat,place-dwnxg,1,2124
Red,place-chmnl,place-knncl,1,2123
Red,place-dwnxg,place-pktrm,1,2123
Orange,place-state,place-dwnxg,0,2122
Orange,place-haecl,place-state,0,2122
Red,place-pktrm,place-chmnl,1,2122
Orange,place-sull,place-ccmnl,0,2122
Orange,place-north,place-haecl,0,2121
Red,place-alfcl,place-davis,0,2121
Orange,place-dwnxg,place-chncl,0,2121
Orange,place-chncl,place-tumnl,0,2121
Orange,place-ccmnl,place-north,0,2121
Red,place-davis,place-portr,0,2121
Red,place-portr,place-harsq,0,2121
Orange,place-astao,place-sull,0,2121
Red,place-harsq,place-cntsq,0,2120
Red,place-cntsq,place-knncl,0,2120
Orange,place-masta,place-rugg,0,2120
Orange,place-bbsta,place-masta,0,2120
Orange,place-welln,place-astao,0,2119
Orange,place-rcmnl,place-jaksn,0,2119
Orange,place-rugg,place-rcmnl,0,2119
Orange,place-tumnl,place-bbsta,0,2119
Red,place-chmnl,place-pktrm,0,2119
Red,place-knncl,place-chmnl,0,2119
Orange,place-mlmnl,place-ogmnl,1,2118
Orange,place-jaksn,place-sbmnl,0,2118
Orange,place-sbmnl,place-grnst,0,2117
Orange,place-haecl,place-north,1,2117
Orange,place-sull,place-astao,1,2117
Orange,place-rcmnl,place-rugg,1,2117
Orange,place-rugg,place-masta,1,2117
Orange,place-dwnxg,place-state,1,2117
Orange,place-north,place-ccmnl,1,2117
Red,place-sstat,place-brdwy,0,2117
Red,place-brdwy,place-andrw,0,2117
Red,place-andrw,place-jfk,0,2117
Orange,place-chncl,place-dwnxg,1,2117
Orange,place-tumnl,place-chncl,1,2117
Orange,place-state,place-haecl,1,2117
Orange,place-masta,place-bbsta,1,2116
Orange,place-bbsta,place-tumnl,1,2116
Red,place-dwnxg,place-sstat,0,2116
Orange,place-ccmnl,place-sull,1,2116
Orange,place-jaksn,place-rcmnl,1,2116
Orange,place-grnst,place-sbmnl,1,2116
Orange,place-astao,place-welln,1,2116
Red,place-pktrm,place-dwnxg,0,2115
Orange,place-mlmnl,place-welln,0,2115
Orange,place-sbmnl,place-jaksn,1,2115
Orange,place-forhl,place-grnst,1,2114
Orange,place-grnst,place-forhl,0,2114
Orange,place-welln,place-mlmnl,1,2114
Orange,place-ogmnl,place-mlmnl,0,2099
Blue,place-mvbcl,place-aport,1,1918
Blue,place-mvbcl,place-aqucl,0,1914
Blue,place-aqucl,place-mvbcl,1,1913
Blue,place-aqucl,place-state,0,1913
Blue,place-gover,place-bomnl,0,1913
Blue,place-gover,place-state,1,1912
Blue,place-state,place-aqucl,1,1912
Blue,place-state,place-gover,0,1910
Blue,place-orhte,place-wimnl,0,1909
Blue,place-sdmnl,place-orhte,0,1907
Blue,place-rbmnl,place-bmmnl,0,1905
Blue,place-bmmnl,place-sdmnl,0,1905
Blue,place-aport,place-mvbcl,0,1902
Blue,place-wimnl,place-aport,0,1899
Blue,place-bomnl,place-gover,1,1898
Blue,place-sdmnl,place-bmmnl,1,1898
Blue,place-orhte,place-sdmnl,1,1897
Blue,place-bmmnl,place-rbmnl,1,1897
Blue,place-wondl,place-rbmnl,0,1896
Blue,place-rbmnl,place-wondl,1,1895
Blue,place-wimnl,place-orhte,1,1797
Blue,place-aport,place-wimnl,1,1796
Green,place-gilmn,place-mgngl,1,1487
Green,place-esomr,place-gilmn,1,1484
Green,place-mgngl,place-balsq,1,1484
Green,place-balsq,place-mdftf,1,1437
Green,place-mfa,place-lngmd,0,1345
Green,place-lngmd,place-brmnl,0,1345
Green,place-gilmn,place-esomr,0,1341
Green,place-nuniv,place-mfa,0,1341
Green,place-lngmd,place-mfa,1,1337
Green,place-mfa,place-nuniv,1,1337
Green,place-prmnl,place-nuniv,0,1335
Green,place-esomr,place-lech,0,1328
Green,place-mgngl,place-gilmn,0,1328
Green,place-lech,place-esomr,1,1327
Green,place-balsq,place-mgngl,0,1323
Green,place-coecl,place-prmnl,0,1322
Green,place-kntst,place-stpul,0,1321
Green,place-cool,place-sumav,0,1320
Green,place-hwsst,place-kntst,0,1320
Green,place-bcnwa,place-denrd,0,1319
Green,place-bndhl,place-fbkst,0,1319
Green,place-sumav,place-bndhl,0,1319
Green,place-stpul,place-cool,0,1319
Green,place-fbkst,place-bcnwa,0,1318
Green,place-smary,place-hwsst,0,1318
Green,place-denrd,place-clmnl,0,1317
Green,place-stpul,place-kntst,1,1299
Green,place-fenwd,place-mispk,0,1299
Green,place-cool,place-stpul,1,1299
Green,place-nuniv,place-prmnl,1,1299
Green,place-hwsst,place-smary,1,1298
Green,place-brkhl,place-bvmnl,1,1298
Green,place-rvrwy,place-bckhl,0,1298
Green,place-mispk,place-rvrwy,0,1298
Green,place-bcnwa,place-fbkst,1,1296
Green,place-bckhl,place-rvrwy,1,1296
Green,place-kntst,place-hwsst,1,1296
Green,place-brmnl,place-fenwd,0,1295
Green,place-sumav,place-cool,1,1295
Green,place-bvmnl,place-longw,1,1295
Green,place-longw,place-fenwy,1,1294
Green,place-bndhl,place-sumav,1,1294
Green,place-smary,place-kencl,1,1293
Green,place-brmnl,place-lngmd,1,1293
Green,place-fbkst,place-bndhl,1,1292
Green,place-rvrwy,place-mispk,1,1292
Green,place-fenwd,place-brmnl,1,1292
Green,place-prmnl,place-coecl,1,1291
Green,place-mispk,place-fenwd,1,1290
Green,place-mdftf,place-balsq,0,1285
Green,place-bcnfd,place-brkhl,1,1285
Green,place-sumav,place-fbkst,0,1282
Green,place-bcnwa,place-tapst,0,1282
Green,place-engav,place-denrd,1,1282
Green,place-tapst,place-denrd,0,1281
Green,place-kencl,place-smary,0,1279
Green,place-rsmnl,place-bcnfd,1,1276
Green,place-fenwy,place-kencl,1,1274
Green,place-denrd,place-engav,0,1270
Green,place-engav,place-clmnl,0,1270
Green,place-bvmnl,place-brkhl,0,1270
Green,place-longw,place-bvmnl,0,1269
Green,place-brkhl,place-bcnfd,0,1269
Green,place-cool,place-bndhl,0,1267
Green,place-bcnfd,place-rsmnl,0,1266
Green,place-chhil,place-rsmnl,1,1264
Green,place-newtn,place-eliot,0,1263
Green,place-newto,place-newtn,0,1262
Green,place-eliot,place-waban,0,1262
Green,place-waban,place-woodl,0,1262
Green,place-river,place-woodl,1,1260
Green,place-chhil,place-newto,0,1257
Green,place-fenwy,place-longw,0,1257
Green,place-newto,place-chhil,1,1256
Green,place-newtn,place-newto,1,1251
Green,place-eliot,place-newtn,1,1249
Green,place-fbkst,place-sumav,1,1247
Green,place-waban,place-eliot,1,1239
Green,place-tapst,place-bcnwa,1,1238
Green,place-rsmnl,place-chhil,0,1237
Mattapan,place-cenav,place-valrd,0,1236
Mattapan,place-miltt,place-cenav,0,1236
Mattapan,place-butlr,place-miltt,0,1236
Mattapan,place-cedgr,place-butlr,0,1236
Mattapan,place-valrd,place-capst,0,1234
Green,place-denrd,place-tapst,1,1232
Green,place-woodl,place-waban,1,1228
Green,place-lake,place-sougr,1,1222
Green,place-bucen,place-buest,1,1213
Green,place-amory,place-bucen,1,1213
Green,place-buest,place-bland,1,1213
Green,place-babck,place-amory,1,1212
Green,place-wascm,place-wrnst,1,1211
Green,place-brico,place-babck,1,1211
Green,place-wrnst,place-alsgr,1,1211
Green,place-woodl,place-river,0,1211
Green,place-grigg,place-harvd,1,1210
Green,place-hsmnl,place-bckhl,1,1210
Green,place-alsgr,place-grigg,1,1210
Green,place-sthld,place-wascm,1,1209
Green,place-harvd,place-brico,1,1209
Green,place-wascm,place-sthld,0,1207
Green,place-sougr,place-lake,0,1207
Green,place-chswk,place-chill,0,1206
Green,place-chswk,place-sthld,1,1206
Green,place-sthld,place-chswk,0,1206
Green,place-wrnst,place-wascm,0,1205
Green,place-grigg,place-alsgr,0,1205
Green,place-brico,place-harvd,0,1205
Green,place-harvd,place-grigg,0,1204
Green,place-alsgr,place-wrnst,0,1204
Green,place-amory,place-babck,0,1204
Green,place-bucen,place-amory,0,1204
Green,place-buest,place-bucen,0,1204
Green,place-chill,place-sougr,0,1204
Green,place-chill,place-chswk,1,1204
Green,place-babck,place-brico,0,1203
Green,place-bland,place-kencl,1,1203
Mattapan,place-valrd,place-cenav,1,1202
Mattapan,place-capst,place-valrd,1,1202
Green,place-bland,place-buest,0,1201
Mattapan,place-miltt,place-butlr,1,1200
Green,place-sougr,place-chill,1,1199
Mattapan,place-cenav,place-miltt,1,1198
Mattapan,place-butlr,place-cedgr,1,1197
Green,place-kencl,place-bland,0,1191
Green,place-kencl,place-fenwy,0,1182
Mattapan,place-asmnl,place-cedgr,0,1178
Mattapan,place-capst,place-matt,0,1174
Mattapan,place-cedgr,place-asmnl,1,1170
Green,place-unsqu,place-lech,0,1140
Mattapan,place-matt,place-capst,1,1122
Red,place-qnctr,place-wlsta,1,1112
Red,place-wlsta,place-nqncy,1,1111
Red,place-qamnl,place-qnctr,1,1111
Red,place-nqncy,place-jfk,1,1106
Red,place-jfk,place-nqncy,0,1101
Red,place-nqncy,place-wlsta,0,1101
Red,place-wlsta,place-qnctr,0,1101
Red,place-qnctr,place-qamnl,0,1099
Red,place-qamnl,place-brntn,0,1096
Green,place-bckhl,place-hsmnl,0,1093
Red,place-brntn,place-qamnl,1,1074
Red,place-shmnl,place-jfk,1,1069
Red,place-smmnl,place-fldcr,1,1067
Red,place-asmnl,place-smmnl,1,1067
Red,place-fldcr,place-shmnl,1,1066
Red,place-fldcr,place-smmnl,0,1061
Red,place-jfk,place-shmnl,0,1060
Red,place-shmnl,place-fldcr,0,1060
Red,place-smmnl,place-asmnl,0,1060
Green,place-lech,place-unsqu,1,961
Green,place-engav,place-tapst,1,747
Blue,place-aport,place-orhte,1,702
Green,place-clmnl,place-engav,1,560
Green,place-denrd,place-bcnwa,1,473
Green,place-nuniv,place-symcl,1,220
Green,place-symcl,place-prmnl,1,218
Green,place-symcl,place-nuniv,0,216
Green,place-prmnl,place-symcl,0,215
Green,place-hsmnl,place-mdftf,0,203
Green,place-tapst,place-engav,0,177
Mattapan,place-matt,place-cedgr,0,66
Mattapan,place-asmnl,place-matt,0,65
Mattapan,place-matt,place-asmnl,1,61
Mattapan,place-asmnl,place-capst,1,60
Green,place-kencl,place-coecl,1,58
Green,place-armnl,place-pktrm,1,55
Green,place-river,place-fenwy,0,48
Green,place-kencl,place-river,0,48
Green,place-mdftf,place-bckhl,1,44
Green,place-hymnl,place-bland,0,41
Green,place-nuniv,place-coecl,1,32
Green,place-pktrm,place-north,1,31
Green,place-unsqu,place-river,1,30
Green,place-bndhl,place-cool,1,26
Green,place-lake,place-chill,1,24
Green,place-mgngl,place-esomr,0,23
Green,place-spmnl,place-unsqu,1,21
Green,place-river,place-waban,1,20
Green,place-mgngl,place-mdftf,1,19
Green,place-north,place-gover,0,19
Green,place-hymnl,place-armnl,1,18
Green,place-haecl,place-boyls,0,18
Green,place-coecl,place-kencl,0,17
Green,place-kencl,place-engav,0,17
Green,place-engav,place-smary,0,17
Green,place-mdftf,place-mgngl,0,17
Green,place-bcnfd,place-kencl,1,16
Green,place-lech,place-north,0,16
Green,place-hymnl,place-smary,0,16
Red,place-pktrm,place-sstat,0,16
Green,place-lngmd,place-fenwd,0,16
Green,place-esomr,place-mgngl,1,16
Green,place-fenwd,place-rvrwy,0,15
Green,place-hymnl,place-longw,0,15
Green,place-gover,place-boyls,0,15
Green,place-rvrwy,place-fenwd,1,15
Green,place-fenwd,place-lngmd,1,15
Green,place-unsqu,place-spmnl,0,14
Green,place-lake,place-gover,0,13
Green,place-hymnl,place-boyls,1,13
Green,place-spmnl,place-esomr,1,13
Green,place-haecl,place-lech,1,13
Green,place-rsmnl,place-brkhl,1,13
Green,place-mdftf,place-gilmn,0,13
Green,place-hymnl,place-prmnl,0,13
Mattapan,place-matt,place-valrd,1,13
Green,place-bland,place-hymnl,1,13
Green,place-brmnl,place-mispk,0,13
Green,place-boyls,place-coecl,0,12
Green,place-mdftf,place-esomr,0,12
Green,place-bndhl,place-bcnwa,0,12
Green,place-river,place-eliot,1,12
Green,place-boyls,place-gover,1,12
Green,place-bucen,place-bland,1,11
Green,place-pktrm,place-armnl,0,11
Green,place-brmnl,place-mfa,1,11
Green,place-mfa,place-brmnl,0,11
Green,place-armnl,place-hymnl,0,11
Green,place-coecl,place-boyls,1,10
Green,place-lngmd,place-nuniv,1,10
Mattapan,place-matt,place-cenav,1,10
Green,place-hsmnl,place-balsq,0,10
Red,place-pktrm,place-knncl,1,9
Green,place-fenwy,place-bvmnl,0,9
Green,place-hymnl,place-pktrm,1,9
Green,place-river,place-newtn,1,9
Red,place-harsq,place-alfcl,1,9
Green,place-unsqu,place-north,1,9
Green,place-gover,place-north,1,9
Green,place-hsmnl,place-rvrwy,1,9
Green,place-balsq,place-gilmn,0,9
Green,place-haecl,place-pktrm,0,9
Green,place-longw,place-kencl,1,9
Blue,place-wimnl,place-mvbcl,0,9
Green,place-north,place-mdftf,0,9
Green,place-haecl,place-spmnl,1,9
Green,place-mdftf,place-lech,0,8
Green,place-bvmnl,place-bcnfd,0,8
Green,place-fenwy,place-hymnl,1,8
Green,place-mispk,place-bckhl,0,8
Red,place-dwnxg,place-chmnl,1,8
Green,place-prmnl,place-lech,1,8
Red,place-sstat,place-pktrm,1,8
Green,place-chill,place-lake,0,8
Green,place-brkhl,place-longw,1,8
Green,place-lech,place-mdftf,0,8
Green,place-hwsst,place-cool,0,8
Green,place-balsq,place-lech,0,7
Green,place-mfa,place-prmnl,1,7
Green,place-engav,place-bcnfd,1,7
Green,place-bcnwa,place-sumav,1,7
Green,place-kencl,place-boyls,1,7
Green,place-pktrm,place-haecl,1,7
Green,place-kencl,place-lech,1,7
Green,place-lake,place-wascm,1,7
Green,place-armnl,place-prmnl,0,7
Mattapan,place-matt,place-butlr,1,7
Green,place-chhil,place-bcnfd,1,7
Green,place-esomr,place-north,0,7
Green,place-esomr,place-spmnl,0,6
Green,place-lake,place-sthld,1,6
Green,place-chill,place-sthld,1,6
Green,place-north,place-pktrm,0,6
Green,place-lech,place-haecl,0,6
Green,place-brkhl,place-rsmnl,0,6
Green,place-bcnfd,place-chhil,0,6
Green,place-pktrm,place-hymnl,0,6
Orange,place-rugg,place-forhl,0,6
Red,place-chmnl,place-cntsq,1,6
Green,place-bland,place-coecl,1,6
Green,place-coecl,place-nuniv,0,6
Orange,place-ogmnl,place-welln,0,6
Green,place-clmnl,place-tapst,1,6
Green,place-woodl,place-eliot,1,6
Green,place-mispk,place-brmnl,1,6
Green,place-sthld,place-chill,0,6
Orange,place-bbsta,place-chncl,1,6
Green,place-spmnl,place-haecl,0,6
Green,place-prmnl,place-armnl,1,6
Green,place-bcnfd,place-bvmnl,1,6
Green,place-sougr,place-wascm,1,5
Green,place-newtn,place-chhil,1,5
Green,place-gilmn,place-balsq,1,5
Green,place-unsqu,place-kencl,0,5
Green,place-sumav,place-kencl,1,5
Green,place-lake,place-chswk,1,5
Mattapan,place-matt,place-miltt,1,5
Red,place-pktrm,place-harsq,1,5
Green,place-grigg,place-brico,1,5
Green,place-babck,place-bucen,1,5
Green,place-spmnl,place-gover,0,5
Mattapan,place-capst,place-cedgr,1,5
Green,place-brkhl,place-kencl,1,5
Green,place-armnl,place-kencl,0,5
Orange,place-jaksn,place-grnst,0,5
Green,place-kencl,place-longw,0,5
Green,place-nuniv,place-lngmd,0,5
Orange,place-dwnxg,place-tumnl,0,5
Red,place-dwnxg,place-brdwy,0,5
Green,place-gover,place-nuniv,0,5
Green,place-river,place-chhil,1,5
Green,place-kntst,place-smary,1,5
Green,place-tapst,place-fbkst,1,5
Orange,place-forhl,place-sbmnl,1,5
Green,place-gover,place-lech,1,5
Orange,place-chncl,place-bbsta,0,5
Green,place-spmnl,place-nuniv,0,5
Green,place-river,place-coecl,1,5
Green,place-bvmnl,place-kencl,1,5
Green,place-buest,place-kencl,1,5
Green,place-rsmnl,place-river,0,5
Green,place-clmnl,place-rsmnl,1,5
Green,place-north,place-unsqu,1,5
Orange,place-sbmnl,place-rcmnl,1,5
Green,place-hymnl,place-river,1,5
Mattapan,place-cenav,place-cedgr,1,5
Mattapan,place-miltt,place-cedgr,1,4
Green,place-haecl,place-nuniv,0,4
Red,place-jfk,place-sstat,1,4
Red,place-smmnl,place-shmnl,1,4
Green,place-boyls,place-spmnl,1,4
Green,place-eliot,place-woodl,0,4
Green,place-hymnl,place-gover,1,4
Green,place-north,place-lech,1,4
Green,place-wrnst,place-grigg,1,4
Green,place-wascm,place-alsgr,1,4
Orange,place-sbmnl,place-forhl,0,4
Orange,place-masta,place-rcmnl,0,4
Green,place-wrnst,place-sthld,0,4
Green,place-waban,place-river,0,4
Green,place-river,place-newto,1,4
Green,place-cool,place-kencl,1,4
Mattapan,place-valrd,place-cedgr,1,4
Green,place-engav,place-bcnwa,1,4
Green,place-alsgr,place-wascm,0,4
Green,place-brkhl,place-fenwy,1,4
Green,place-bvmnl,place-fenwy,1,4
Green,place-balsq,place-esomr,0,4
Green,place-lake,place-pktrm,0,4
Green,place-boyls,place-haecl,1,4
Blue,place-bomnl,place-state,1,4
Orange,place-sbmnl,place-rugg,1,4
Orange,place-rcmnl,place-forhl,0,4
Green,place-mdftf,place-lngmd,1,4
Green,place-sougr,place-wrnst,1,4
Green,place-coecl,place-pktrm,1,4
Green,place-buest,place-amory,0,4
Green,place-north,place-armnl,0,4
Green,place-eliot,place-chhil,1,4
Green,place-hsmnl,place-lech,0,4
Green,place-hymnl,place-fenwy,0,4
Green,place-kencl,place-buest,0,4
Green,place-mdftf,place-north,0,4
Green,place-amory,place-brico,0,4
Green,place-mdftf,place-rvrwy,1,4
Green,place-prmnl,place-boyls,1,4
Green,place-clmnl,place-bcnwa,1,4
Orange,place-rugg,place-bbsta,1,4
Green,place-grigg,place-wrnst,0,4
Green,place-woodl,place-chhil,1,4
Green,place-woodl,place-newto,1,4
Green,place-lngmd,place-pktrm,1,4
Blue,place-aqucl,place-gover,0,4
Blue,place-state,place-mvbcl,1,4
Mattapan,place-cenav,place-butlr,1,4
Green,place-mdftf,place-spmnl,0,4
Green,place-clmnl,place-bcnfd,1,4
Mattapan,place-capst,place-cenav,1,4
Blue,place-orhte,place-aport,0,4
Green,place-rvrwy,place-hsmnl,0,4
Blue,place-orhte,place-mvbcl,0,4
Green,place-gilmn,place-lech,0,4
Mattapan,place-valrd,place-butlr,1,4
Green,place-unsqu,place-gover,0,4
Green,place-river,place-bcnfd,1,4
Green,place-chswk,place-wascm,1,4
Green,place-newto,place-eliot,0,4
Green,place-lech,place-armnl,0,4
Green,place-stpul,place-hwsst,1,4
Green,place-bland,place-lngmd,1,4
Green,place-stpul,place-smary,1,4
Green,place-haecl,place-mdftf,1,4
Green,place-kntst,place-cool,0,4
Green,place-sumav,place-stpul,1,4
Green,place-prmnl,place-mfa,0,3
Green,place-armnl,place-haecl,1,3
Green,place-armnl,place-gover,1,3
Green,place-smary,place-fenwy,0,3
Green,place-mdftf,place-boyls,0,3
Green,place-woodl,place-newtn,1,3
Green,place-mgngl,place-lech,0,3
Green,place-clmnl,place-fenwy,0,3
Green,place-pktrm,place-kencl,0,3
Green,place-coecl,place-haecl,1,3
Green,place-esomr,place-hsmnl,1,3
Green,place-unsqu,place-esomr,1,3
Green,place-hsmnl,place-gilmn,1,3
Green,place-chhil,place-river,0,3
Green,place-unsqu,place-mdftf,0,3
Blue,place-wimnl,place-aqucl,0,3
Green,place-wascm,place-chswk,0,3
Green,place-cool,place-kntst,1,3
Green,place-north,place-prmnl,0,3
Green,place-longw,place-brkhl,0,3
Blue,place-state,place-bomnl,0,3
Green,place-river,place-kencl,1,3
Green,place-harvd,place-wrnst,0,3
Green,place-lech,place-river,1,3
Green,place-spmnl,place-mdftf,1,3
Green,place-bckhl,place-prmnl,0,3
Green,place-coecl,place-bckhl,0,3
Green,place-spmnl,place-pktrm,0,3
Mattapan,place-cenav,place-capst,0,3
Green,place-rsmnl,place-pktrm,1,3
Green,place-harvd,place-alsgr,0,3
Green,place-sougr,place-chswk,1,3
Green,place-babck,place-kencl,1,3
Green,place-lake,place-prmnl,0,3
Green,place-north,place-nuniv,0,3
Green,place-bckhl,place-mispk,1,3
Green,place-clmnl,place-denrd,1,3
Orange,place-jaksn,place-forhl,0,3
Green,place-lech,place-pktrm,0,3
Green,place-gover,place-lake,0,3
Green,place-bcnwa,place-cool,1,3
Green,place-hwsst,place-kencl,1,3
Green,place-symcl,place-lech,1,3
Green,place-kntst,place-kencl,1,3
Mattapan,place-butlr,place-cenav,0,3
Green,place-lake,place-grigg,1,3
Mattapan,place-cenav,place-asmnl,1,3
Green,place-lech,place-gilmn,1,3
Orange,place-forhl,place-jaksn,1,3
Green,place-newto,place-bcnfd,1,3
Green,place-lngmd,place-prmnl,1,3
Green,place-bland,place-fenwy,0,3
Green,place-hwsst,place-stpul,0,3
Green,place-river,place-haecl,1,3
Green,place-bcnwa,place-bndhl,1,3
Red,place-knncl,place-pktrm,0,3
Green,place-wascm,place-lake,0,3
Green,place-sthld,place-wrnst,1,3
Orange,place-rcmnl,place-sbmnl,0,3
Orange,place-dwnxg,place-haecl,1,3
Green,place-bcnfd,place-fenwy,1,3
Red,place-brdwy,place-dwnxg,1,3
Red,place-pktrm,place-cntsq,1,3
Green,place-eliot,place-newto,1,3
Green,place-harvd,place-babck,1,3
Green,place-north,place-coecl,0,3
Green,place-alsgr,place-harvd,1,3
Green,place-bcnwa,place-engav,0,3
Green,place-newtn,place-bcnfd,1,3
Orange,place-state,place-north,1,3
Green,place-lngmd,place-mispk,0,2
Green,place-eliot,place-bcnfd,1,2
Green,place-north,place-river,1,2
Green,place-lake,place-mdftf,1,2
Green,place-hsmnl,place-mispk,1,2
Green,place-lech,place-balsq,0,2
Green,place-waban,place-newtn,1,2
Green,place-bcnfd,place-longw,1,2
Green,place-engav,place-cool,1,2
Green,place-woodl,place-haecl,1,2
Red,place-cntsq,place-alfcl,1,2
Green,place-sthld,place-lake,0,2
Green,place-bland,place-longw,1,2
Green,place-brico,place-grigg,0,2
Green,place-boyls,place-kencl,0,2
Green,place-hsmnl,place-lake,1,2
Green,place-kencl,place-armnl,1,2
Green,place-sougr,place-babck,1,2
Green,place-lake,place-longw,0,2
Green,place-spmnl,place-boyls,0,2
Green,place-lech,place-gover,0,2
Green,place-kencl,place-mfa,0,2
Green,place-gover,place-unsqu,1,2
Green,place-stpul,place-kencl,1,2
Green,place-chill,place-wrnst,1,2
Blue,place-wondl,place-orhte,0,2
Green,place-waban,place-newto,1,2
Orange,place-rcmnl,place-masta,1,2
Green,place-woodl,place-hymnl,1,2
Orange,place-haecl,place-dwnxg,0,2
Green,place-spmnl,place-fenwy,0,2
Green,place-gilmn,place-spmnl,0,2
Green,place-bcnfd,place-boyls,1,2
Green,place-amory,place-longw,0,2
Green,place-balsq,place-spmnl,0,2
Green,place-bland,place-armnl,1,2
Red,place-brntn,place-qnctr,1,2
Green,place-wascm,place-grigg,1,2
Green,place-nuniv,place-gover,1,2
Green,place-clmnl,place-cool,1,2
Green,place-pktrm,place-lech,1,2
Green,place-clmnl,place-bndhl,1,2
Green,place-boyls,place-hymnl,0,2
Green,place-spmnl,place-longw,0,2
Green,place-boyls,place-north,1,2
Green,place-newtn,place-waban,0,2
Mattapan,place-capst,place-butlr,1,2
Green,place-brmnl,place-rvrwy,0,2
Orange,place-masta,place-north,1,2
Orange,place-north,place-bbsta,1,2
Green,place-lngmd,place-kencl,1,2
Green,place-bcnfd,place-hymnl,1,2
Green,place-pktrm,place-coecl,0,2
Green,place-tapst,place-cool,1,2
Green,place-rsmnl,place-bvmnl,1,2
Green,place-haecl,place-armnl,0,2
Green,place-bucen,place-hymnl,1,2
Green,place-smary,place-sumav,0,2
Green,place-coecl,place-bland,0,2
Green,place-fenwd,place-prmnl,0,2
Green,place-gover,place-armnl,0,2
Green,place-bckhl,place-kencl,1,2
Green,place-bland,place-bckhl,1,2
Green,place-spmnl,place-river,1,2
Green,place-lech,place-kencl,0,2
Green,place-chswk,place-sougr,0,2
Green,place-prmnl,place-gover,1,2
Green,place-lake,place-wrnst,1,2
Green,place-north,place-alsgr,0,2
Green,place-kencl,place-amory,0,2
Green,place-esomr,place-chill,0,2
Green,place-unsqu,place-haecl,0,2
Green,place-hymnl,place-spmnl,1,2
Green,place-bland,place-chhil,1,2
Green,place-grigg,place-lake,0,2
Green,place-fenwd,place-mfa,1,2
Mattapan,place-valrd,place-asmnl,1,2
Red,place-nqncy,place-qamnl,0,2
Green,place-chill,place-nuniv,0,2
Green,place-sougr,place-hymnl,1,2
Green,place-sthld,place-harvd,1,2
Green,place-brico,place-amory,1,2
Green,place-north,place-boyls,0,2
Green,place-haecl,place-wrnst,0,2
Green,place-coecl,place-lake,0,2
Green,place-lech,place-boyls,0,2
Green,place-mdftf,place-mispk,0,2
Green,place-lngmd,place-coecl,1,2
Green,place-prmnl,place-haecl,1,2
Green,place-unsqu,place-pktrm,0,2
Green,place-gover,place-sougr,0,2
Green,place-bckhl,place-fenwd,1,2
Green,place-sthld,place-sougr,0,2
Green,place-kencl,place-brico,0,2
Green,place-harvd,place-amory,1,2
Green,place-bndhl,place-tapst,0,2
Green,place-newtn,place-woodl,0,2
Green,place-hsmnl,place-mgngl,0,2
Green,place-gover,place-esomr,1,2
Green,place-north,place-hymnl,0,2
Green,place-spmnl,place-armnl,0,2
Green,place-haecl,place-kencl,0,2
Green,place-hymnl,place-lech,1,2
Green,place-gover,place-river,1,2
Green,place-spmnl,place-woodl,0,2
Green,place-kencl,place-hwsst,0,2
Green,place-chswk,place-wrnst,1,2
Red,place-alfcl,place-portr,0,2
Green,place-denrd,place-smary,0,2
Green,place-unsqu,place-eliot,0,2
Green,place-woodl,place-brkhl,1,2
Green,place-river,place-lech,1,2
Green,place-coecl,place-rvrwy,0,2
Orange,place-ccmnl,place-astao,1,2
Red,place-pktrm,place-brdwy,0,2
Green,place-engav,place-kencl,1,2
Green,place-gover,place-spmnl,1,2
Green,place-sumav,place-engav,0,2
Red,place-fldcr,place-asmnl,0,2
Orange,place-chncl,place-state,1,2
Orange,place-welln,place-sull,0,2
Orange,place-ccmnl,place-haecl,0,2
Orange,place-astao,place-ccmnl,0,2
Green,place-coecl,place-bvmnl,0,2
Green,place-fbkst,place-tapst,0,2
Green,place-armnl,place-mfa,0,2
Green,place-woodl,place-bcnfd,1,2
Green,place-armnl,place-nuniv,0,2
Green,place-coecl,place-gover,1,2
Green,place-lake,place-brico,1,2
Red,place-dwnxg,place-harsq,1,2
Green,place-hsmnl,place-north,0,2
Red,place-alfcl,place-knncl,0,2
Green,place-lngmd,place-boyls,1,2
Red,place-brntn,place-alfcl,1,2
Orange,place-grnst,place-rugg,1,2
Green,place-lngmd,place-north,0,2
Green,place-fbkst,place-cool,1,2
Green,place-north,place-brmnl,0,2
Red,place-jfk,place-asmnl,0,2
Green,place-gover,place-prmnl,0,2
Green,place-smary,place-hymnl,1,2
Green,place-north,place-sougr,0,2
Green,place-pktrm,place-lake,0,2
Green,place-chswk,place-lake,0,2
Blue,place-bmmnl,place-wondl,1,2
Blue,place-bmmnl,place-orhte,0,2
Green,place-armnl,place-longw,0,2
Green,place-stpul,place-sumav,0,2
Blue,place-wimnl,place-sdmnl,1,2
Green,place-sougr,place-sthld,1,2
Green,place-fenwy,place-bcnfd,1,2
Green,place-kencl,place-denrd,0,2
Green,place-amory,place-bland,1,2
Green,place-hymnl,place-haecl,1,2
Green,place-armnl,place-lake,0,2
Mattapan,place-cenav,place-matt,0,2
Green,place-sumav,place-smary,1,2
Green,place-unsqu,place-hsmnl,0,2
Green,place-haecl,place-newtn,0,2
Green,place-coecl,place-lech,1,2
Green,place-coecl,place-fenwd,0,2
Green,place-eliot,place-river,0,2
Red,place-brntn,place-wlsta,1,2
Green,place-wrnst,place-harvd,1,2
Green,place-river,place-unsqu,0,2
Green,place-pktrm,place-nuniv,0,2
Green,place-haecl,place-hymnl,0,2
Green,place-hwsst,place-fenwy,0,2
Green,place-river,place-spmnl,1,2
Green,place-brmnl,place-nuniv,1,2
Green,place-denrd,place-sumav,1,2
Orange,place-mlmnl,place-astao,0,2
Green,place-spmnl,place-prmnl,0,2
Green,place-boyls,place-engav,1,2
Green,place-harvd,place-boyls,1,2
Green,place-boyls,place-brico,1,2
Green,place-woodl,place-lech,1,2
Green,place-tapst,place-kencl,1,2
Green,place-lake,place-eliot,0,2
Green,place-kencl,place-lake,0,2
Green,place-sougr,place-harvd,1,2
Green,place-waban,place-bcnfd,1,2
Green,place-newto,place-brkhl,1,2
Green,place-newtn,place-rsmnl,1,2
Green,place-newto,place-river,0,2
Red,place-qnctr,place-brntn,0,2
Red,place-cntsq,place-pktrm,0,2
Green,place-kencl,place-north,1,2
Green,place-woodl,place-kencl,1,2
Green,place-pktrm,place-spmnl,1,2
Green,place-brico,place-kencl,1,2
Green,place-lech,place-bckhl,1,2
Green,place-bckhl,place-esomr,1,2
Green,place-coecl,place-smary,0,2
Green,place-tapst,place-clmnl,0,2
Green,place-haecl,place-fenwd,0,1
Green,place-kencl,place-harvd,0,1
Mattapan,place-capst,place-miltt,1,1
Mattapan,place-miltt,place-valrd,0,1
Green,place-bland,place-bucen,1,1
Orange,place-bbsta,place-rugg,0,1
Orange,place-rugg,place-jaksn,0,1
Green,place-babck,place-longw,0,1
Green,place-boyls,place-eliot,0,1
Blue,place-wondl,place-bmmnl,0,1
Green,place-kencl,place-kntst,0,1
Green,place-lake,place-smary,0,1
Green,place-chhil,place-mfa,0,1
Green,place-river,place-mdftf,1,1
Green,place-mispk,place-lngmd,1,1
Green,place-haecl,place-brmnl,1,1
Green,place-brmnl,place-north,1,1
Green,place-lech,place-bland,0,1
Green,place-pktrm,place-chhil,0,1
Green,place-unsqu,place-boyls,0,1
Green,place-stpul,place-prmnl,0,1
Green,place-kencl,place-unsqu,0,1
Green,place-cool,place-bcnwa,0,1
Green,place-coecl,place-kntst,0,1
Green,place-kencl,place-stpul,0,1
Green,place-pktrm,place-newto,0,1
Green,place-spmnl,place-amory,0,1
Green,place-spmnl,place-hsmnl,0,1
Green,place-unsqu,place-waban,0,1
Red,place-knncl,place-harsq,1,1
Green,place-nuniv,place-brmnl,0,1
Green,place-bcnwa,place-kencl,1,1
Green,place-river,place-north,1,1
Green,place-gover,place-fenwy,0,1
Green,place-woodl,place-rsmnl,1,1
Orange,place-mlmnl,place-sull,0,1
Green,place-kntst,place-coecl,1,1
Green,place-clmnl,place-sumav,1,1
Green,place-tapst,place-sumav,1,1
Green,place-esomr,place-prmnl,0,1
Green,place-clmnl,place-fbkst,1,1
Green,place-sthld,place-brico,1,1
Green,place-newtn,place-river,0,1
Green,place-rsmnl,place-waban,0,1
Orange,place-state,place-chncl,0,1
Green,place-mdftf,place-armnl,0,1
Green,place-coecl,place-lngmd,0,1
Green,place-esomr,place-hymnl,0,1
Green,place-bcnwa,place-hymnl,1,1
Green,place-brmnl,place-hsmnl,0,1
Green,place-sumav,place-kntst,1,1
Green,place-gover,place-clmnl,1,1
Green,place-cool,place-fbkst,0,1
Green,place-sougr,place-pktrm,1,1
Green,place-pktrm,place-longw,0,1
Green,place-coecl,place-rsmnl,0,1
Green,place-newto,place-nuniv,0,1
Green,place-rsmnl,place-lngmd,1,1
Green,place-brkhl,place-pktrm,1,1
Green,place-fenwy,place-north,1,1
Green,place-river,place-brkhl,1,1
Green,place-rsmnl,place-haecl,1,1
Green,place-nuniv,place-pktrm,1,1
Red,place-asmnl,place-cntsq,1,1
Red,place-asmnl,place-jfk,1,1
Red,place-chmnl,place-harsq,1,1
Red,place-qnctr,place-jfk,1,1
Green,place-hsmnl,place-unsqu,1,1
Green,place-nuniv,place-lech,1,1
Green,place-tapst,place-hwsst,1,1
Green,place-smary,place-clmnl,0,1
Green,place-coecl,place-north,1,1
Green,place-coecl,place-newto,0,1
Mattapan,place-asmnl,place-valrd,1,1
Orange,place-astao,place-mlmnl,1,1
Green,place-engav,place-sumav,1,1
Blue,place-aport,place-sdmnl,1,1
Blue,place-aport,place-aqucl,0,1
Blue,place-wimnl,place-bmmnl,1,1
Green,place-haecl,place-bvmnl,0,1
Blue,place-gover,place-aqucl,1,1
Green,place-kencl,place-babck,0,1
Green,place-bcnwa,place-clmnl,0,1
Green,place-brkhl,place-hymnl,1,1
Green,place-lake,place-clmnl,0,1
Green,place-bcnfd,place-river,0,1
Green,place-kencl,place-woodl,0,1
Green,place-woodl,place-fenwy,0,1
Green,place-newto,place-woodl,0,1
Green,place-kencl,place-rsmnl,0,1
Green,place-kencl,place-pktrm,0,1
Green,place-tapst,place-boyls,1,1
Green,place-river,place-rsmnl,1,1
Green,place-pktrm,place-prmnl,0,1
Green,place-nuniv,place-kencl,1,1
Green,place-lech,place-fenwy,0,1
Green,place-fenwy,place-coecl,1,1
Green,place-armnl,place-bland,0,1
Green,place-gover,place-kencl,0,1
Green,place-sthld,place-fenwy,0,1
Green,place-nuniv,place-armnl,1,1
Green,place-chswk,place-bckhl,1,1
Green,place-hsmnl,place-chill,1,1
Green,place-coecl,place-longw,0,1
Green,place-newtn,place-bckhl,1,1
Green,place-hsmnl,place-newtn,1,1
Green,place-alsgr,place-sthld,0,1
Green,place-bucen,place-woodl,1,1
Green,place-bland,place-boyls,1,1
Mattapan,place-capst,place-asmnl,1,1
Green,place-lake,place-kencl,0,1
Orange,place-jaksn,place-rugg,1,1
Green,place-lake,place-alsgr,1,1
Green,place-eliot,place-bvmnl,1,1
Green,place-unsqu,place-newtn,0,1
Green,place-armnl,place-brico,0,1
Green,place-tapst,place-stpul,1,1
Green,place-kencl,place-bucen,0,1
Green,place-hymnl,place-bckhl,0,1
Green,place-chswk,place-grigg,1,1
Green,place-gilmn,place-north,0,1
Green,place-armnl,place-fenwy,0,1
Orange,place-tumnl,place-masta,0,1
Green,place-fenwy,place-brkhl,1,1
Green,place-longw,place-chhil,0,1
Green,place-coecl,place-bucen,0,1
Green,place-sougr,place-boyls,1,1
Green,place-mgngl,place-kencl,0,1
Green,place-bcnwa,place-stpul,1,1
Green,place-denrd,place-longw,0,1
Green,place-chswk,place-brico,1,1
Green,place-kencl,place-sougr,0,1
Green,place-bland,place-rsmnl,1,1
Orange,place-sull,place-ogmnl,1,1
Green,place-bland,place-pktrm,1,1
Green,place-rsmnl,place-eliot,0,1
Green,place-wrnst,place-gover,1,1
Green,place-boyls,place-buest,0,1
Green,place-kencl,place-haecl,1,1
Green,place-coecl,place-sougr,0,1
Orange,place-welln,place-ogmnl,1,1
Green,place-buest,place-woodl,1,1
Green,place-boyls,place-newto,0,1
Red,place-jfk,place-fldcr,0,1
Red,place-davis,place-cntsq,0,1
Green,place-north,place-lake,0,1
Green,place-coecl,place-spmnl,1,1
Green,place-lech,place-chill,0,1
Green,place-sougr,place-woodl,1,1
Green,place-chswk,place-bcnfd,0,1
Red,place-asmnl,place-davis,1,1
Green,place-haecl,place-newto,0,1
Green,place-sougr,place-grigg,1,1
Orange,place-forhl,place-rcmnl,1,1
Green,place-brmnl,place-gover,1,1
Green,place-kencl,place-grigg,0,1
Green,place-wrnst,place-smary,0,1
Green,place-bckhl,place-coecl,1,1
Green,place-sumav,place-bcnwa,0,1
Green,place-chill,place-wascm,1,1
Green,place-smary,place-kntst,0,1
Green,place-balsq,place-prmnl,0,1
Green,place-haecl,place-esomr,1,1
Green,place-hymnl,place-babck,0,1
Green,place-lake,place-boyls,0,1
Green,place-wrnst,place-fenwy,0,1
Green,place-hymnl,place-brico,0,1
Green,place-north,place-kencl,0,1
Green,place-north,place-hsmnl,0,1
Green,place-amory,place-kencl,1,1
Red,place-brdwy,place-pktrm,1,1
Red,place-nqncy,place-andrw,1,1
Green,place-bckhl,place-mdftf,1,1
Green,place-brico,place-rsmnl,0,1
Green,place-chswk,place-clmnl,1,1
Orange,place-masta,place-tumnl,1,1
Orange,place-tumnl,place-dwnxg,1,1
Orange,place-north,place-state,0,1
Green,place-newtn,place-boyls,1,1
Orange,place-astao,place-north,0,1
Orange,place-ogmnl,place-astao,0,1
Green,place-eliot,place-armnl,1,1
Red,place-wlsta,place-jfk,1,1
Green,place-unsqu,place-woodl,1,1
Green,place-brico,place-fenwy,0,1
Green,place-hsmnl,place-esomr,0,1
Green,place-brico,place-bucen,1,1
Green,place-newto,place-hymnl,1,1
Green,place-bland,place-newtn,1,1
Green,place-sougr,place-alsgr,1,1
Green,place-buest,place-babck,0,1
Green,place-chill,place-alsgr,1,1
Green,place-chhil,place-kencl,1,1
Green,place-fenwy,place-chhil,1,1
Green,place-brico,place-hymnl,1,1
Green,place-buest,place-fenwy,1,1
Green,place-chill,place-gover,1,1
Green,place-babck,place-hymnl,1,1
Green,place-bland,place-spmnl,1,1
Green,place-hsmnl,place-armnl,1,1
Green,place-armnl,place-bckhl,1,1
Green,place-bland,place-brkhl,0,1
Green,place-armnl,place-chswk,0,1
Green,place-bucen,place-gover,1,1
Green,place-lake,place-hwsst,0,1
Green,place-wascm,place-unsqu,1,1
Green,place-bucen,place-babck,0,1
Green,place-sougr,place-spmnl,1,1
Green,place-wascm,place-chill,0,1
Green,place-bland,place-nuniv,1,1
Green,place-lngmd,place-haecl,1,1
Green,place-pktrm,place-bvmnl,0,1
Green,place-rsmnl,place-newtn,0,1
Green,place-boyls,place-longw,0,1
Green,place-fenwy,place-fenwd,1,1
Green,place-newto,place-rvrwy,1,1
Mattapan,place-valrd,place-matt,0,1
Mattapan,place-asmnl,place-butlr,0,1
Mattapan,place-butlr,place-asmnl,1,1
Green,place-newtn,place-nuniv,0,1
Green,place-rsmnl,place-prmnl,1,1
Green,place-north,place-bucen,0,1
Green,place-bvmnl,place-gover,1,1
Green,place-mfa,place-pktrm,1,1
Red,place-dwnxg,place-alfcl,1,1
Green,place-rvrwy,place-kencl,1,1
Green,place-fenwy,place-rvrwy,1,1
Green,place-north,place-brkhl,0,1
Green,place-fenwy,place-armnl,1,1
Green,place-armnl,place-river,1,1
Green,place-sumav,place-coecl,1,1
Green,place-pktrm,place-bckhl,1,1
Green,place-bland,place-bvmnl,1,1
Green,place-kencl,place-gover,1,1
Green,place-harvd,place-chhil,0,1
Green,place-alsgr,place-unsqu,1,1
Green,place-bucen,place-kencl,1,1
Green,place-clmnl,place-gover,0,1
Green,place-lake,place-lngmd,0,1
Green,place-bland,place-lake,0,1
Green,place-kencl,place-waban,0,1
Green,place-eliot,place-kencl,0,1
Green,place-river,place-longw,1,1
Green,place-clmnl,place-hymnl,1,1
Green,place-balsq,place-chhil,0,1
Green,place-kencl,place-nuniv,0,1
Green,place-bcnfd,place-newto,0,1
Green,place-hymnl,place-nuniv,0,1
Green,place-brico,place-chhil,1,1
Green,place-grigg,place-newto,1,1
Green,place-chswk,place-eliot,1,1
Green,place-bvmnl,place-prmnl,0,1
Green,place-brkhl,place-waban,0,1
Green,place-chhil,place-newtn,0,1
Green,place-bvmnl,place-eliot,0,1
Green,place-hsmnl,place-fenwd,1,1
Green,place-boyls,place-grigg,0,1
Green,place-gilmn,place-mdftf,1,1
Green,place-longw,place-hymnl,1,1
Green,place-bcnfd,place-prmnl,0,1
Green,place-waban,place-coecl,1,1
Green,place-brmnl,place-coecl,1,1
Green,place-eliot,place-esomr,1,1
Green,place-fenwy,place-prmnl,1,1
Green,place-fenwy,place-newtn,0,1
Green,place-buest,place-boyls,1,1
Green,place-bvmnl,place-hymnl,1,1
Green,place-rsmnl,place-newto,0,1
Green,place-sougr,place-kencl,1,1
Green,place-boyls,place-prmnl,0,1
Orange,place-ogmnl,place-north,0,1
Green,place-haecl,place-rvrwy,0,1
Green,place-bland,place-sumav,1,1
Green,place-brico,place-smary,0,1
Green,place-bland,place-engav,1,1
Green,place-chill,place-smary,0,1
Green,place-coecl,place-amory,0,1
Green,place-brmnl,place-armnl,1,1
Green,place-eliot,place-nuniv,0,1
Red,place-jfk,place-dwnxg,1,1
Blue,place-wondl,place-bomnl,0,1
Blue,place-state,place-aport,1,1
Green,place-lech,place-prmnl,0,1
Green,place-river,place-gover,0,1
Green,place-hymnl,place-north,1,1
Green,place-lngmd,place-rvrwy,0,1
Green,place-haecl,place-river,1,1
Orange,place-masta,place-forhl,0,1
Green,place-smary,place-river,1,1
Green,place-eliot,place-coecl,1,1
Green,place-waban,place-kencl,1,1
Green,place-smary,place-woodl,1,1
Green,place-fenwd,place-hsmnl,0,1
Red,place-chmnl,place-sstat,0,1
Green,place-prmnl,place-pktrm,1,1
Green,place-mdftf,place-gover,1,1
Green,place-lake,place-harvd,1,1
Green,place-north,place-balsq,1,1
Green,place-fenwy,place-spmnl,1,1
Green,place-gilmn,place-boyls,0,1
Green,place-mispk,place-pktrm,1,1
Green,place-pktrm,place-brkhl,0,1
Green,place-boyls,place-chhil,0,1
Green,place-kencl,place-brmnl,0,1
Green,place-mgngl,place-north,0,1
Green,place-fbkst,place-kntst,1,1
Green,place-spmnl,place-coecl,0,1
Green,place-bcnfd,place-haecl,1,1
Green,place-coecl,place-river,0,1
Mattapan,place-valrd,place-miltt,1,1
Green,place-bcnwa,place-kntst,1,1
Green,place-esomr,place-pktrm,0,1
Green,place-balsq,place-rvrwy,1,1
Green,place-waban,place-brkhl,1,1
Green,place-river,place-prmnl,0,1
Green,place-mgngl,place-haecl,0,1
Green,place-lech,place-nuniv,0,1
Green,place-boyls,place-fenwd,0,1
Green,place-rvrwy,place-north,1,1
Green,place-mdftf,place-haecl,0,1
Green,place-sougr,place-brico,1,1
Green,place-river,place-esomr,1,1
Green,place-sougr,place-armnl,1,1
Green,place-rsmnl,place-woodl,0,1
Green,place-newto,place-spmnl,1,1
Green,place-harvd,place-hymnl,1,1
Green,place-haecl,place-mispk,0,1
Green,place-river,place-mfa,0,1
Green,place-north,place-sthld,0,1
Green,place-wrnst,place-brico,1,1
Green,place-denrd,place-hwsst,1,1
Green,place-waban,place-spmnl,1,1
Green,place-waban,place-longw,1,1
Blue,place-mvbcl,place-state,0,1
Red,place-sstat,place-jfk,0,1
Green,place-mdftf,place-pktrm,0,1
Green,place-tapst,place-brkhl,0,1
Green,place-bcnwa,place-bvmnl,0,1
Green,place-cool,place-fenwy,0,1
Green,place-hsmnl,place-haecl,1,1
Green,place-haecl,place-bckhl,1,1
Green,place-rsmnl,place-fenwy,1,1
Green,place-newtn,place-north,1,1
Green,place-woodl,place-armnl,1,1
Green,place-coecl,place-symcl,0,1
Green,place-sougr,place-river,1,1
Green,place-rsmnl,place-armnl,1,1
Green,place-brkhl,place-bckhl,1,1
Green,place-hsmnl,place-brkhl,1,1
Green,place-unsqu,place-coecl,0,1
Green,place-mispk,place-prmnl,0,1
Mattapan,place-asmnl,place-miltt,0,1
Blue,place-aqucl,place-sdmnl,1,1
Green,place-kencl,place-eliot,0,1
Green,place-coecl,place-mispk,0,1
Green,place-armnl,place-north,1,1
Green,place-haecl,place-prmnl,0,1
Green,place-spmnl,place-mispk,1,1
Red,place-sstat,place-knncl,1,1
Green,place-mispk,place-lech,1,1
Green,place-clmnl,place-river,1,1
Green,place-mgngl,place-armnl,0,1
Green,place-hymnl,place-waban,0,1
Green,place-fenwy,place-lech,1,1
Green,place-north,place-mispk,0,1
Green,place-fenwy,place-gover,1,1
Green,place-gilmn,place-haecl,0,1
Green,place-spmnl,place-newto,0,1
Red,place-asmnl,place-fldcr,1,1
Green,place-wrnst,place-babck,1,1
Green,place-lake,place-hymnl,0,1
Green,place-babck,place-bckhl,1,1
Green,place-lake,place-fenwy,0,1
Green,place-coecl,place-bcnfd,0,1
Green,place-fbkst,place-kencl,1,1
Green,place-coecl,place-woodl,0,1
Green,place-chswk,place-babck,1,1
Green,place-lake,place-babck,1,1
Green,place-lake,place-bckhl,1,1
Green,place-lake,place-bcnfd,0,1
Green,place-unsqu,place-lake,0,1
Green,place-brico,place-river,1,1
Green,place-armnl,place-rsmnl,0,1
Green,place-lech,place-lake,0,1
Green,place-rvrwy,place-mfa,1,1
Green,place-haecl,place-gilmn,1,1
Green,place-grigg,place-kencl,1,1
Green,place-lake,place-chhil,0,1
Green,place-longw,place-boyls,1,1
Green,place-north,place-chswk,1,1
Green,place-chill,place-north,1,1
Mattapan,place-cedgr,place-valrd,0,1
Green,place-hymnl,place-bvmnl,0,1
Green,place-lake,place-unsqu,0,1
Green,place-rsmnl,place-hymnl,0,1
Green,place-bland,place-waban,1,1
Green,place-chswk,place-bland,1,1
Green,place-armnl,place-bcnfd,0,1
Blue,place-orhte,place-bmmnl,1,1
Blue,place-rbmnl,place-sdmnl,0,1
Green,place-hymnl,place-mfa,0,1
Green,place-armnl,place-lngmd,0,1
Green,place-gover,place-rvrwy,1,1
Green,place-gover,place-mispk,1,1
Green,place-babck,place-harvd,0,1
Green,place-hsmnl,place-sougr,1,1
Green,place-gover,place-fenwd,1,1
Green,place-alsgr,place-amory,1,1
Green,place-mispk,place-hymnl,1,1
Green,place-sougr,place-bcnwa,0,1
Orange,place-rcmnl,place-grnst,0,1
Green,place-hymnl,place-mispk,1,1
Green,place-chill,place-lech,1,1
Green,place-sumav,place-boyls,1,1
Mattapan,place-cedgr,place-matt,0,1
Mattapan,place-asmnl,place-cenav,0,1
Orange,place-tumnl,place-forhl,0,1
Green,place-grigg,place-bckhl,1,1
Green,place-amory,place-rvrwy,1,1
Green,place-balsq,place-lngmd,0,1
Green,place-spmnl,place-chswk,0,1
Green,place-chswk,place-mispk,0,1
Green,place-hsmnl,place-wascm,1,1
Green,place-boyls,place-bland,0,1
Green,place-sthld,place-haecl,1,1
Green,place-wascm,place-amory,1,1
Green,place-prmnl,place-kencl,1,1
Green,place-esomr,place-coecl,0,1
Green,place-gover,place-lngmd,1,1
Green,place-haecl,place-bucen,0,1
Green,place-sthld,place-mfa,0,1
Green,place-alsgr,place-prmnl,1,1
Green,place-brico,place-pktrm,1,1
Green,place-amory,place-haecl,1,1
Green,place-bucen,place-lech,1,1
Green,place-north,place-wascm,0,1
Green,place-haecl,place-chswk,0,1
Green,place-pktrm,place-bland,0,1
Green,place-pktrm,place-buest,0,1
Green,place-spmnl,place-gilmn,1,1
Green,place-haecl,place-coecl,0,1
Green,place-mdftf,place-prmnl,0,1
Green,place-prmnl,place-mispk,0,1
Green,place-balsq,place-gover,0,1
Green,place-gover,place-mfa,0,1
Green,place-coecl,place-harvd,0,1
Green,place-armnl,place-chill,0,1
Green,place-lake,place-nuniv,0,1
Green,place-babck,place-lngmd,1,1
Blue,place-bomnl,place-wimnl,1,1
Green,place-sougr,place-haecl,1,1
Green,place-harvd,place-gover,1,1
Green,place-denrd,place-kntst,1,1
Green,place-mispk,place-mdftf,1,1
Green,place-north,place-bckhl,0,1
Green,place-brmnl,place-spmnl,0,1
Green,place-spmnl,place-fenwd,0,1
Green,place-haecl,place-lngmd,0,1
Green,place-wascm,place-harvd,1,1
Green,place-north,place-bland,0,1
Green,place-armnl,place-amory,0,1
Green,place-sougr,place-mfa,0,1
Red,place-brntn,place-jfk,1,1
Green,place-engav,place-kntst,1,1
Green,place-bvmnl,place-unsqu,1,1
Green,place-pktrm,place-mispk,1,1
Red,place-brntn,place-dwnxg,1,1
Green,place-brico,place-alsgr,0,1
Red,place-shmnl,place-sstat,1,1
Red,place-alfcl,place-qnctr,0,1
Red,place-nqncy,place-brntn,0,1
Green,place-harvd,place-armnl,1,1
Green,place-babck,place-north,1,1
Green,place-wrnst,place-chswk,0,1
Green,place-amory,place-spmnl,1,1
Green,place-mdftf,place-hsmnl,0,1
Green,place-mdftf,place-brmnl,0,1
Green,place-engav,place-armnl,1,1
Green,place-stpul,place-fbkst,0,1
Green,place-chswk,place-kencl,1,1
Green,place-chill,place-kencl,1,1
Green,place-wrnst,place-kencl,1,1
Green,place-amory,place-buest,1,1
Green,place-grigg,place-sthld,0,1
Green,place-engav,place-rsmnl,1,1
Green,place-lake,place-north,1,1
Green,place-grigg,place-babck,1,1
Green,place-balsq,place-hsmnl,0,1
Green,place-waban,place-lech,1,1
Green,place-gilmn,place-clmnl,0,1
Green,place-unsqu,place-chhil,1,1
Green,place-armnl,place-clmnl,0,1
Green,place-rvrwy,place-mdftf,1,1
Green,place-hwsst,place-pktrm,1,1
Green,place-gover,place-denrd,0,1
Green,place-pktrm,place-clmnl,0,1
Green,place-engav,place-gover,1,1
Green,place-engav,place-hymnl,1,1
Green,place-bland,place-amory,0,1
Green,place-spmnl,place-lngmd,0,1
Green,place-bvmnl,place-chhil,0,1
Green,place-clmnl,place-kencl,1,1
Green,place-engav,place-stpul,1,1
Green,place-pktrm,place-mdftf,1,1
Green,place-bland,place-babck,0,1
Green,place-fenwd,place-coecl,1,1
Green,place-north,place-newto,0,1
Green,place-lech,place-bcnfd,0,1
Green,place-wascm,place-babck,1,1
Green,place-rvrwy,place-esomr,1,1
Green,place-lech,place-rvrwy,1,1
Green,place-fenwy,place-river,0,1
Green,place-eliot,place-rsmnl,1,1
Green,place-coecl,place-fenwy,0,1
Green,place-north,place-bcnfd,0,1
Green,place-gover,place-engav,1,1
Green,place-chill,place-bucen,1,1
Green,place-armnl,place-smary,0,1
Green,place-longw,place-engav,1,1
Green,place-engav,place-fenwy,1,1
Green,place-hwsst,place-bvmnl,0,1
Orange,place-welln,place-north,0,1
Orange,place-ogmnl,place-rugg,0,1
Green,place-denrd,place-fbkst,1,1
Green,place-boyls,place-lech,1,1
Green,place-north,place-buest,0,1
Green,place-buest,place-brkhl,0,1
Green,place-brico,place-woodl,1,1
Green,place-eliot,place-hymnl,1,1
Green,place-cool,place-gover,1,1
Green,place-mgngl,place-spmnl,0,1
Green,place-unsqu,place-sougr,1,1
Green,place-alsgr,place-brico,1,1
Green,place-grigg,place-buest,1,1
Green,place-woodl,place-north,1,1
Green,place-boyls,place-bvmnl,0,1
Green,place-bland,place-river,0,1
Green,place-lake,place-coecl,1,1
Green,place-fenwy,place-boyls,1,1
Orange,place-astao,place-ogmnl,1,1
Green,place-chhil,place-hymnl,1,1
Green,place-newto,place-kencl,1,1
Green,place-fbkst,place-longw,0,1
Green,place-smary,place-gover,1,1
Green,place-kntst,place-boyls,1,1
Green,place-fbkst,place-hymnl,1,1
Green,place-haecl,place-eliot,0,1
Green,place-stpul,place-hymnl,1,1
Green,place-alsgr,place-woodl,1,1
Green,place-esomr,place-chswk,0,1
Green,place-buest,place-coecl,1,1
Green,place-mgngl,place-pktrm,0,1
Green,place-sthld,place-engav,1,1
Red,place-harsq,place-chmnl,0,1
Red,place-nqncy,place-alfcl,1,1
Red,place-qnctr,place-davis,1,1
Green,place-chswk,place-alsgr,1,1
Green,place-chhil,place-eliot,0,1
Green,place-boyls,place-rsmnl,0,1
Green,place-river,place-bvmnl,1,1
Green,place-alsgr,place-boyls,1,1
Green,place-lech,place-longw,0,1
Green,place-bcnfd,place-gover,1,1
Green,place-armnl,place-unsqu,1,1
Green,place-mgngl,place-brmnl,0,1
Green,place-denrd,place-cool,1,1
Green,place-woodl,place-unsqu,1,1
Green,place-rvrwy,place-spmnl,1,1
Green,place-kencl,place-clmnl,0,1
Green,place-bland,place-smary,0,1
Green,place-kencl,place-spmnl,1,1
Green,place-bvmnl,place-denrd,1,1
Green,place-north,place-fenwy,0,1
Green,place-boyls,place-brkhl,0,1
Mattapan,place-cedgr,place-cenav,0,1
Green,place-river,place-hymnl,1,1
Green,place-alsgr,place-buest,1,1
Green,place-bvmnl,place-nuniv,0,1
Green,place-eliot,place-prmnl,1,1
Green,place-brkhl,place-north,1,1
Green,place-coecl,place-mdftf,1,1
Green,place-longw,place-spmnl,1,1
Orange,place-ogmnl,place-chncl,0,1
Orange,place-forhl,place-bbsta,1,1
Green,place-boyls,place-nuniv,1,1
Green,place-armnl,place-fbkst,0,1
Green,place-lake,place-armnl,1,1
Green,place-balsq,place-north,0,1
Green,place-hsmnl,place-pktrm,1,1
Green,place-balsq,place-boyls,0,1
Green,place-lech,place-woodl,1,1
Green,place-esomr,place-gover,0,1
Green,place-newtn,place-bvmnl,1,1
Green,place-brmnl,place-mdftf,1,1
Green,place-engav,place-pktrm,1,1
Green,place-lech,place-coecl,0,1
Green,place-pktrm,place-fenwd,0,1
Green,place-bcnwa,place-pktrm,1,1
Green,place-pktrm,place-smary,0,1
Green,place-spmnl,place-mgngl,1,1
Green,place-mfa,place-rvrwy,0,1
Green,place-rsmnl,place-spmnl,1,1
Green,place-waban,place-pktrm,1,1
Green,place-chhil,place-prmnl,0,1
Green,place-eliot,place-bckhl,1,1
Green,place-haecl,place-mgngl,1,1
Green,place-prmnl,place-fenwd,0,1
Green,place-river,place-lngmd,0,1
Green,place-woodl,place-lngmd,1,1
Green,place-bcnwa,place-gover,1,1
Green,place-sougr,place-bland,1,1
Green,place-spmnl,place-rsmnl,0,1
Green,place-haecl,place-chhil,0,1
Green,place-boyls,place-newtn,0,1
Green,place-eliot,place-mispk,0,1
Green,place-waban,place-rvrwy,0,1
Green,place-hwsst,place-denrd,0,1
Green,place-denrd,place-boyls,1,1
Green,place-esomr,place-boyls,0,1
Red,place-brdwy,place-wlsta,0,1
Green,place-engav,place-boyls,1,1
Green,place-bcnwa,place-hwsst,1,1
Green,place-denrd,place-kencl,1,1
Green,place-cool,place-armnl,1,1
Green,place-balsq,place-mispk,0,1
Red,place-brntn,place-davis,1,1
Green,place-kencl,place-cool,0,1
Green,place-bland,place-grigg,1,1
Green,place-grigg,place-hymnl,1,1
Green,place-river,place-lake,0,1
Green,place-fbkst,place-denrd,0,1
Green,place-coecl,place-buest,0,1
Green,place-clmnl,place-spmnl,0,1
Green,place-longw,place-woodl,0,1
Orange,place-ogmnl,place-masta,0,1
Orange,place-rugg,place-mlmnl,1,1
Orange,place-forhl,place-astao,1,1
Red,place-portr,place-brdwy,0,1
Red,place-alfcl,place-shmnl,0,1
Red,place-alfcl,place-asmnl,0,1
Red,place-davis,place-harsq,0,1
Green,place-rsmnl,place-kencl,1,1
Green,place-coecl,place-clmnl,0,1
Orange,place-ccmnl,place-grnst,0,1
Green,place-hsmnl,place-spmnl,0,1
Red,place-wlsta,place-alfcl,1,1
Red,place-brntn,place-portr,1,1
Red,place-harsq,place-knncl,0,1
Green,place-bndhl,place-stpul,1,1
Green,place-kntst,place-hymnl,1,1
Red,place-jfk,place-pktrm,1,1
Green,place-bndhl,place-hwsst,1,1
Blue,place-aqucl,place-orhte,1,1
Blue,place-sdmnl,place-bomnl,0,1
Green,place-waban,place-rsmnl,1,1
Green,place-hwsst,place-hymnl,1,1
Blue,place-mvbcl,place-orhte,1,1
Green,place-unsqu,place-fenwy,0,1
Green,place-cool,place-smary,1,1
Green,place-buest,place-bvmnl,0,1
Green,place-spmnl,place-buest,0,1
Green,place-fbkst,place-hwsst,1,1
Green,place-bucen,place-river,1,1
Blue,place-sdmnl,place-wondl,1,1
Blue,place-gover,place-orhte,1,1
Green,place-wascm,place-kencl,1,1
Green,place-hymnl,place-balsq,1,1
Blue,place-aport,place-rbmnl,1,1
Blue,place-orhte,place-aqucl,0,1
Red,place-jfk,place-brdwy,1,1
Green,place-amory,place-lake,0,1
Green,place-babck,place-chhil,1,1
Green,place-chill,place-fenwy,0,1
Green,place-bland,place-haecl,1,1
Green,place-alsgr,place-kencl,1,1
Green,place-chhil,place-brkhl,1,1
Blue,place-mvbcl,place-bomnl,0,1
Green,place-brico,place-wrnst,0,1
Green,place-sougr,place-prmnl,1,1
Green,place-brico,place-north,1,1
Green,place-babck,place-spmnl,1,1
Green,place-haecl,place-sougr,0,1
Green,place-bvmnl,place-newtn,0,1
Green,place-chhil,place-woodl,0,1
Orange,place-masta,place-chncl,1,1
Red,place-cntsq,place-portr,1,1
Blue,place-aport,place-wondl,1,1
Green,place-wascm,place-brico,1,1
Green,place-prmnl,place-gilmn,1,1
Green,place-coecl,place-mfa,0,1
Green,place-unsqu,place-bcnfd,1,1
Green,place-alsgr,place-lake,0,1
Green,place-pktrm,place-waban,0,1
Green,place-kencl,place-bcnfd,0,1
Green,place-spmnl,place-balsq,1,1
Green,place-amory,place-alsgr,0,1
Green,place-brico,place-sthld,0,1
Green,place-spmnl,place-mfa,0,1
Green,place-armnl,place-esomr,1,1
Green,place-waban,place-chhil,1,1
Green,place-balsq,place-coecl,0,1
Green,place-buest,place-hymnl,1,1
Green,place-newtn,place-prmnl,1,1
Green,place-bcnfd,place-north,1,1
Green,place-brkhl,place-spmnl,1,1
Green,place-river,place-bckhl,1,1
Red,place-wlsta,place-brntn,0,1
Green,place-mdftf,place-bvmnl,1,1
Green,place-gover,place-bckhl,1,1
Green,place-prmnl,place-mgngl,1,1
Green,place-bvmnl,place-fenwd,0,1
Green,place-fenwd,place-brkhl,0,1
Green,place-river,place-brmnl,0,1
Green,place-lngmd,place-spmnl,1,1
Green,place-hsmnl,place-gover,1,1
Green,place-eliot,place-lech,1,1
Green,place-longw,place-prmnl,1,1
Orange,place-north,place-welln,1,1
Green,place-pktrm,place-mfa,1,1
Green,place-sumav,place-hymnl,1,1
Green,place-bndhl,place-kencl,1,1
Green,place-fbkst,place-clmnl,0,1
Green,place-river,place-boyls,1,1
Green,place-north,place-esomr,1,1
Green,place-north,place-lngmd,0,1
Green,place-prmnl,place-esomr,1,1
Green,place-bcnfd,place-lngmd,1,1
Green,place-woodl,place-nuniv,0,1
Green,place-haecl,place-longw,0,1
Red,place-nqncy,place-dwnxg,1,1
Green,place-river,place-rvrwy,0,1
Green,place-stpul,place-denrd,0,1
Green,place-brmnl,place-prmnl,1,1
Green,place-boyls,place-mdftf,1,1
Green,place-smary,place-stpul,0,1
Green,place-cool,place-hwsst,1,1
Orange,place-chncl,place-haecl,1,1
Green,place-grigg,place-wascm,0,1
Green,place-kencl,place-brkhl,0,1
Green,place-lech,place-hymnl,0,1
Green,place-haecl,place-engav,1,1
Green,place-sumav,place-esomr,1,1
Green,place-rvrwy,place-lngmd,1,1
Green,place-smary,place-rvrwy,1,1
Green,place-clmnl,place-bckhl,0,1
Green,place-hsmnl,place-smary,0,1
Green,place-engav,place-coecl,1,1
Green,place-unsqu,place-brkhl,0,1
Orange,place-haecl,place-ccmnl,1,1
Green,place-esomr,place-mdftf,0,1
Green,place-lech,place-mgngl,1,1
Green,place-hymnl,place-brmnl,0,1
Red,place-qamnl,place-wlsta,1,1
Orange,place-state,place-tumnl,0,1
Red,place-dwnxg,place-andrw,0,1
Red,place-cntsq,place-chmnl,0,1
Red,place-shmnl,place-andrw,1,1
Red,place-andrw,place-nqncy,0,1
Mattapan,place-butlr,place-matt,0,1
Red,place-chmnl,place-dwnxg,0,1
Green,place-clmnl,place-chhil,0,1
Green,place-clmnl,place-pktrm,1,1
Green,place-brkhl,place-newto,0,1
Green,place-cool,place-rvrwy,1,1
Red,place-chmnl,place-brdwy,0,1
Orange,place-forhl,place-rugg,1,1
Green,place-spmnl,place-chhil,0,1
Green,place-harvd,place-kencl,1,1
Green,place-bucen,place-pktrm,1,1
Mattapan,place-cedgr,place-miltt,0,1
Red,place-wlsta,place-chmnl,1,1
Green,place-spmnl,place-kencl,0,1
Green,place-woodl,place-longw,1,1
Green,place-waban,place-unsqu,0,1
Green,place-north,place-newtn,1,1
Green,place-spmnl,place-bcnfd,0,1
Green,place-babck,place-lake,0,1
Green,place-boyls,place-balsq,1,1
Green,place-hymnl,place-esomr,1,1
Green,place-kencl,place-lngmd,0,1
Green,place-hymnl,place-mdftf,1,1
Green,place-mfa,place-coecl,1,1
Green,place-bckhl,place-boyls,1,1
Green,place-prmnl,place-north,1,1
Green,place-gover,place-mdftf,1,1
Green,place-hsmnl,place-denrd,1,1
Green,place-newto,place-north,0,1
Orange,place-ogmnl,place-ccmnl,0,1
Orange,place-ccmnl,place-ogmnl,1,1
Red,place-portr,place-alfcl,1,1
Green,place-stpul,place-bckhl,1,1
Green,place-river,place-pktrm,0,1
Green,place-brmnl,place-kencl,1,1
Green,place-lngmd,place-newto,0,1
Green,place-mfa,place-kencl,1,1
Green,place-newto,place-rsmnl,1,1
Green,place-sumav,place-tapst,0,1
Green,place-hymnl,place-buest,0,1
Orange,place-sbmnl,place-masta,1,1
Orange,place-masta,place-jaksn,0,1
Red,place-harsq,place-davis,1,1
Green,place-mfa,place-fenwd,0,1
Green,place-woodl,place-boyls,1,1
Green,place-lngmd,place-armnl,1,1
Green,place-woodl,place-coecl,1,1
Green,place-bland,place-clmnl,1,1
Green,place-buest,place-river,1,1
Green,place-nuniv,place-rvrwy,0,1
Red,place-wlsta,place-andrw,1,1
Red,place-brntn,place-nqncy,1,1
Blue,place-bmmnl,place-wimnl,0,1
Blue,place-mvbcl,place-gover,0,1
Red,place-portr,place-cntsq,0,1
Green,place-sumav,place-denrd,0,1
Green,place-engav,place-hwsst,1,1
Green,place-armnl,place-hwsst,0,1
Green,place-kencl,place-prmnl,0,1
Green,place-cool,place-prmnl,0,1
Green,place-buest,place-longw,0,1
Green,place-lech,place-newto,1,1
Green,place-lake,place-newto,0,1
Green,place-lake,place-woodl,0,1
Green,place-unsqu,place-rsmnl,0,1
Green,place-kencl,place-fenwd,0,1
Green,place-boyls,place-lngmd,0,1
Green,place-lake,place-lech,0,1
Green,place-harvd,place-lake,0,1
Green,place-bland,place-brico,0,1
Green,place-newto,place-boyls,1,1
Orange,place-bbsta,place-north,1,1
Orange,place-welln,place-bbsta,0,1
Orange,place-bbsta,place-sull,1,1
Orange,place-tumnl,place-haecl,1,1
Orange,place-north,place-masta,0,1
Green,place-lngmd,place-esomr,1,1
Green,place-chill,place-harvd,1,1
Green,place-fbkst,place-stpul,1,1
Green,place-kencl,place-bcnwa,0,1
Green,place-hsmnl,place-prmnl,1,1
Green,place-esomr,place-balsq,1,1
Green,place-fenwy,place-newto,0,1
Green,place-rsmnl,place-fenwd,0,1
Green,place-nuniv,place-fenwd,0,1
Green,place-newto,place-fenwd,0,1
Green,place-prmnl,place-bckhl,0,1
Green,place-prmnl,place-rvrwy,0,1
Green,place-sougr,place-esomr,1,1
Green,place-sthld,place-clmnl,1,1
Green,place-pktrm,place-unsqu,1,1
Green,place-lech,place-hsmnl,1,1
Green,place-babck,place-bcnfd,1,1
Green,place-prmnl,place-spmnl,1,1
Green,place-buest,place-lake,0,1
Green,place-haecl,place-alsgr,0,1
Green,place-spmnl,place-wrnst,0,1
Green,place-gover,place-amory,0,1
Orange,place-jaksn,place-bbsta,1,1
Green,place-gover,place-hwsst,0,1
Green,place-gover,place-smary,0,1
Red,place-asmnl,place-shmnl,1,1
Green,place-balsq,place-bckhl,1,1
Green,place-wrnst,place-bucen,1,1
Green,place-fenwd,place-spmnl,1,1
Green,place-north,place-fenwd,1,1
Blue,place-gover,place-wondl,1,1
Orange,place-grnst,place-rcmnl,1,1
Orange,place-rugg,place-dwnxg,1,1
Orange,place-haecl,place-sull,1,1
Orange,place-sull,place-mlmnl,1,1
Green,place-waban,place-gover,1,1
Green,place-grigg,place-bland,1,1
Green,place-babck,place-wascm,0,1
Orange,place-rugg,place-tumnl,1,1
Blue,place-wondl,place-sdmnl,0,1
Green,place-fenwy,place-rsmnl,0,1
Green,place-armnl,place-newto,0,1
Green,place-unsqu,place-armnl,0,1
Green,place-clmnl,place-armnl,0,1
Green,place-pktrm,place-denrd,1,1
Green,place-bndhl,place-boyls,1,1
Green,place-esomr,place-armnl,0,1
Green,place-chswk,place-longw,0,1
Orange,place-bbsta,place-jaksn,0,1
Red,place-dwnxg,place-brntn,0,1
Blue,place-aport,place-state,0,1
Blue,place-mvbcl,place-wimnl,1,1
Green,place-woodl,place-gover,1,1
Green,place-chill,place-river,1,1
Green,place-kntst,place-bndhl,0,1
Green,place-unsqu,place-newto,0,1
Green,place-sthld,place-gover,1,1
Green,place-kencl,place-bndhl,0,1
Green,place-fenwy,place-unsqu,1,1
Green,place-babck,place-river,1,1
Green,place-esomr,place-haecl,0,1
Green,place-stpul,place-bcnwa,0,1
Green,place-brico,place-armnl,1,1
Green,place-armnl,place-babck,1,1
Orange,place-ccmnl,place-welln,1,1
Orange,place-state,place-sull,1,1
Orange,place-bbsta,place-rcmnl,0,1
Orange,place-chncl,place-masta,0,1
Orange,place-ccmnl,place-dwnxg,0,1
Green,place-kencl,place-fbkst,0,1
Green,place-pktrm,place-cool,0,1
Green,place-wascm,place-north,1,1
Green,place-lech,place-sougr,1,1
Green,place-stpul,place-bndhl,0,1
Green,place-fbkst,place-engav,0,1
Green,place-chswk,place-gover,1,1
Green,place-babck,place-bland,1,1
Green,place-babck,place-coecl,1,1
Green,place-buest,place-wrnst,0,1
Orange,place-state,place-ccmnl,1,1
Green,place-pktrm,place-esomr,1,1
Green,place-north,place-brico,0,1
Green,place-brico,place-lngmd,1,1
Green,place-buest,place-haecl,1,1
Green,place-bland,place-north,1,1
Green,place-gover,place-babck,0,1
Green,place-coecl,place-alsgr,0,1
Green,place-wascm,place-nuniv,0,1
Green,place-haecl,place-amory,0,1
Green,place-haecl,place-wascm,0,1
Green,place-bland,place-mfa,1,1
Green,place-spmnl,place-harvd,0,1
Green,place-harvd,place-nuniv,0,1
Green,place-esomr,place-symcl,0,1
Green,place-symcl,place-armnl,1,1
Green,place-kencl,place-wrnst,0,1
Green,place-sumav,place-gover,1,1
Green,place-cool,place-north,1,1
Green,place-stpul,place-spmnl,1,1
Green,place-bland,place-symcl,1,1
Green,place-tapst,place-bndhl,1,1
Green,place-gover,place-bcnfd,0,1
Green,place-newto,place-waban,0,1
Green,place-newtn,place-brkhl,1,1
Green,place-hymnl,place-unsqu,1,1
Green,place-pktrm,place-sougr,0,1
Green,place-bckhl,place-gilmn,0,1
Red,place-jfk,place-qnctr,0,1
Green,place-gilmn,place-hsmnl,0,1
Red,place-brdwy,place-chmnl,1,1
Green,place-hsmnl,place-babck,1,1
Green,place-symcl,place-boyls,1,1
Green,place-north,place-amory,0,1
Green,place-gover,place-coecl,0,1
Green,place-kencl,place-rvrwy,0,1
Green,place-rsmnl,place-unsqu,1,1
Orange,place-rcmnl,place-bbsta,1,1
Red,place-andrw,place-sstat,1,1
Green,place-haecl,place-unsqu,1,1
Green,place-chhil,place-longw,1,1
Red,place-pktrm,place-jfk,0,1
Green,place-lake,place-river,0,1
Green,place-mdftf,place-mfa,0,1
Green,place-balsq,place-haecl,1,1
Green,place-wascm,place-bckhl,1,1
Green,place-longw,place-coecl,1,1
Green,place-mdftf,place-river,0,1
Green,place-hsmnl,place-engav,1,1
Green,place-engav,place-bckhl,1,1
