service_date,line,comparable_stop_events,median_schedule_difference_seconds,mean_schedule_difference_seconds,share_late_over_5_minutes,share_within_5_minutes
2026-06-22,Blue,3115,130.0,240.6626003210273,0.3142857142857143,0.6568218298555377
2026-06-22,Green,21785,39.0,30.8490704613266,0.14119807206793666,0.7524902455818223
2026-06-22,Mattapan,1515,-69.0,-67.06336633663366,0.0039603960396039604,0.9808580858085808
2026-06-22,Orange,8006,27.0,17.951161628778415,0.013489882588058956,0.928178865850612
2026-06-22,Red,6071,200.0,219.89869873167518,0.36419041344094877,0.5962773842859496
2026-06-23,Blue,3821,18.0,70.5121695891128,0.06621303323737242,0.9227950798220361
2026-06-23,Green,20982,87.0,103.03431512725193,0.20994185492326756,0.7030788294728815
2026-06-23,Mattapan,1479,-45.0,-0.36240703177822853,0.08586883029073698,0.9066937119675457
2026-06-23,Orange,7738,7.0,-32.974282760403206,0.07288705091754975,0.7513569397777203
2026-06-23,Red,5315,172.0,228.37046095954844,0.33603010348071494,0.6182502351834431
2026-06-24,Blue,3413,25.0,150.4863756226194,0.18370934661588045,0.7878699091708175
2026-06-24,Green,20655,72.0,76.6641975308642,0.19748244977003146,0.6955700798838054
2026-06-24,Mattapan,1377,-4.0,15.693536673928831,0.08496732026143791,0.879448075526507
2026-06-24,Orange,7386,39.0,-6.196588139723802,0.07893311670728405,0.7500676956404008
2026-06-24,Red,5939,165.0,213.72082842229332,0.28691698939215354,0.6861424482236067
2026-06-25,Blue,3454,63.0,238.31181239143024,0.31036479444122755,0.6734221192819919
2026-06-25,Green,20915,59.0,50.12770738704279,0.17346402103753286,0.7103992349988046
2026-06-25,Mattapan,1528,-55.0,-27.805628272251308,0.026832460732984294,0.9712041884816754
2026-06-25,Orange,7374,33.0,42.86438839164632,0.09940330892324382,0.8204502305397342
2026-06-25,Red,6047,243.0,238.88539771787663,0.41375888870514305,0.5230692905573011
2026-06-26,Blue,705,48.0,-12.253900709219858,0.2397163120567376,0.5546099290780142
2026-06-26,Green,20671,69.0,68.65671713995452,0.19007304919936144,0.7125925209230323
2026-06-26,Mattapan,1523,-65.0,-35.337491792514776,0.054497701904136574,0.9258043335521996
2026-06-26,Orange,6947,-27.0,-25.474737296674824,0.14149992802648625,0.639268749100331
2026-06-26,Red,5424,225.0,375.476401179941,0.4299410029498525,0.5435103244837758
2026-06-27,Blue,1422,175.0,180.51758087201125,0.3340365682137834,0.6090014064697609
2026-06-27,Green,16685,76.0,112.2465088402757,0.26616721606233146,0.608930176805514
2026-06-27,Mattapan,1126,-67.0,-79.59857904085257,0.004440497335701598,0.9689165186500888
2026-06-27,Orange,5920,27.0,45.72550675675676,0.022466216216216216,0.9768581081081081
2026-06-27,Red,4650,45.0,139.2610752688172,0.13548387096774195,0.8546236559139785
2026-06-28,Blue,888,282.0,162.48423423423424,0.47072072072072074,0.3716216216216216
2026-06-28,Green,15035,42.0,33.556168939142005,0.20798137678749584,0.6245427336215498
2026-06-28,Mattapan,1025,-12.0,39.33951219512195,0.13073170731707318,0.8517073170731707
2026-06-28,Orange,5200,4.0,14.32673076923077,0.006730769230769231,0.9932692307692308
2026-06-28,Red,4962,75.0,124.9340991535671,0.13220475614671504,0.8657799274486094
2026-06-29,Blue,2363,405.0,561.8819297503173,0.5446466356326704,0.4286923402454507
2026-06-29,Green,21520,86.0,90.610687732342,0.20757434944237918,0.7117100371747211
2026-06-29,Mattapan,1542,-65.5,-53.15758754863813,0.031776913099870296,0.9494163424124513
2026-06-29,Orange,7480,31.0,41.54679144385027,0.07967914438502674,0.8390374331550802
2026-06-29,Red,4666,314.0,403.5145735105015,0.5120017145306472,0.42327475353621946
2026-06-30,Blue,1471,132.0,179.56696125084977,0.3589394969408566,0.40856560163154315
2026-06-30,Green,20543,60.0,87.36907949179769,0.20279413912281555,0.7015528403835857
2026-06-30,Mattapan,1515,-74.0,-73.84818481848185,0.009240924092409241,0.972937293729373
2026-06-30,Orange,7603,12.0,-23.73786663159279,0.0612915954228594,0.7978429567276075
2026-06-30,Red,6446,234.0,275.98650325783433,0.3709277071051815,0.621625814458579
2026-07-01,Blue,1941,-14.0,-105.57187017001546,0.05409582689335394,0.747552807831015
2026-07-01,Green,19906,36.0,27.512458555209484,0.15266753742590175,0.729980910278308
2026-07-01,Mattapan,1544,-86.0,-85.88018134715026,0.006476683937823834,0.9773316062176166
2026-07-01,Orange,3173,-2.0,-126.63630633469903,0.10337220296249607,0.5802080050425464
2026-07-01,Red,2507,132.0,78.67530913442361,0.36816912644595134,0.3829278021539689
2026-07-02,Blue,1497,-382.0,-308.39211756847027,0.09886439545758183,0.3059452237808951
2026-07-02,Green,20038,71.0,78.57795189140633,0.230012975346841,0.6509132647968859
2026-07-02,Mattapan,1341,-62.0,-37.45712155108128,0.053691275167785234,0.9008202833706189
2026-07-02,Orange,2439,-379.0,-428.97088970889706,0.06519065190651907,0.3550635506355064
2026-07-02,Red,1802,-346.5,-239.22586015538292,0.20033296337402887,0.2807991120976693
2026-07-03,Blue,1091,-425.0,-338.3180568285976,0.076993583868011,0.23006416131989002
2026-07-03,Green,15815,-8.0,-10.621308883970913,0.13759089472020233,0.7174834018337022
2026-07-03,Mattapan,850,-48.0,-65.85058823529411,0.0058823529411764705,0.9635294117647059
2026-07-03,Orange,1315,-389.0,-254.0996197718631,0.20760456273764258,0.18098859315589352
2026-07-03,Red,1089,-36.0,-234.9568411386593,0.2369146005509642,0.3480257116620753
2026-07-04,Blue,1355,-344.0,-148.46125461254613,0.18671586715867158,0.2878228782287823
2026-07-04,Green,17685,39.0,79.45931580435398,0.2275374611252474,0.6408255583828103
2026-07-04,Mattapan,1109,20.0,38.97294860234445,0.0703336339044184,0.9071235347159603
2026-07-04,Orange,1248,-433.5,-382.09455128205127,0.10817307692307693,0.20592948717948717
2026-07-04,Red,1054,-0.5,-26.26660341555977,0.36242884250474383,0.23434535104364326
2026-07-05,Blue,1228,-279.5,-188.28501628664495,0.09039087947882736,0.43403908794788276
2026-07-05,Green,15878,-49.0,-95.9101272200529,0.09673762438594281,0.6849099382793803
2026-07-05,Mattapan,1042,-56.0,-69.22456813819578,0.005758157389635317,0.9846449136276392
2026-07-05,Orange,1176,-444.5,-305.65561224489795,0.2193877551020408,0.141156462585034
2026-07-05,Red,786,-178.5,-313.5127226463104,0.21246819338422393,0.3142493638676845
2026-07-06,Blue,1918,-201.0,-223.53441084462983,0.05005213764337852,0.6637122002085506
2026-07-06,Green,21336,58.0,67.82011623547056,0.18358642669666292,0.7057555305586801
2026-07-06,Mattapan,1089,-29.0,-8.199265381083563,0.06519742883379247,0.9090909090909091
2026-07-06,Orange,2185,-335.0,-418.1720823798627,0.014645308924485127,0.4389016018306636
2026-07-06,Red,1695,-177.0,-176.6094395280236,0.20648967551622419,0.3775811209439528
2026-07-07,Blue,2031,-372.0,-317.0516986706056,0.068931560807484,0.3082225504677499
2026-07-07,Green,18267,159.0,194.63984233864346,0.3463075491323151,0.5695516505173264
2026-07-07,Mattapan,1115,-68.0,-54.03766816143498,0.03766816143497758,0.9273542600896861
2026-07-07,Orange,2429,-290.0,-313.946068340881,0.06298888431453273,0.45244956772334294
2026-07-07,Red,1587,-1.0,-123.22873345935727,0.3011972274732199,0.30245746691871456
2026-07-08,Blue,1952,-267.0,-89.23975409836065,0.2694672131147541,0.26434426229508196
2026-07-08,Green,19848,99.0,111.26531640467553,0.23281942765014108,0.6907496977025392
2026-07-08,Mattapan,1200,-34.0,-33.66916666666667,0.03333333333333333,0.9408333333333333
2026-07-08,Orange,2468,-231.0,-168.8829011345219,0.13897893030794164,0.45623987034035657
2026-07-08,Red,1741,63.0,11.920735209649626,0.35669155657668006,0.3520964962665135
2026-07-09,Blue,1955,-382.0,-303.76675191815855,0.0741687979539642,0.33554987212276216
2026-07-09,Green,19492,81.0,113.80438128462959,0.24050892673917504,0.6729427457418428
2026-07-09,Mattapan,1456,-42.0,-25.34752747252747,0.07760989010989011,0.8777472527472527
2026-07-09,Orange,1619,-376.0,-250.6436071649166,0.15565163681284744,0.272390364422483
2026-07-09,Red,1210,-393.5,-230.8297520661157,0.2206611570247934,0.23553719008264462
2026-07-10,Blue,1734,-102.0,-143.75259515570934,0.15974625144175317,0.4209919261822376
2026-07-10,Green,18679,86.0,120.95171047700626,0.268001499009583,0.6101504363188608
2026-07-10,Mattapan,1430,-42.0,1.5825174825174826,0.12167832167832168,0.8461538461538461
2026-07-10,Orange,1312,-482.0,-555.8155487804878,0.06859756097560976,0.27210365853658536
2026-07-10,Red,1572,28.5,-20.43702290076336,0.36959287531806617,0.23918575063613232
2026-07-11,Blue,923,-118.0,-136.48862405200433,0.14626218851570963,0.4788732394366197
2026-07-11,Green,16901,125.0,150.29897639192947,0.31998106620910005,0.5687829122537128
2026-07-11,Mattapan,1099,-43.0,-50.74067333939946,0.0009099181073703367,0.9836214740673339
2026-07-11,Orange,962,-392.5,-328.3773388773389,0.12993762993762994,0.24116424116424118
2026-07-11,Red,661,10.0,-23.40998487140696,0.3540090771558245,0.2844175491679274
2026-07-12,Blue,1111,-234.0,-178.4977497749775,0.1476147614761476,0.41674167416741675
2026-07-12,Green,14421,7.0,-16.828097912766104,0.15026697177726925,0.6604951112960267
2026-07-12,Mattapan,1033,-45.0,-67.20619554695062,0.011616650532429816,0.9428848015488868
2026-07-12,Orange,931,-448.0,-416.2953813104189,0.08915145005370569,0.23845327604726102
2026-07-12,Red,1143,-54.0,-270.5161854768154,0.19510061242344706,0.3858267716535433
2026-07-13,Blue,1795,2.0,-42.930362116991645,0.07688022284122563,0.7459610027855154
2026-07-13,Green,20317,126.0,185.54481468720775,0.30949451198503714,0.6058965398434808
2026-07-13,Mattapan,1536,-61.0,-48.535807291666664,0.024088541666666668,0.9674479166666666
2026-07-13,Orange,2615,12.0,-169.59158699808796,0.0367112810707457,0.7304015296367112
2026-07-13,Red,2185,291.0,211.1020594965675,0.49107551487414186,0.31212814645308923
2026-07-14,Blue,1545,39.0,276.5443365695793,0.2828478964401295,0.6873786407766991
2026-07-14,Green,20840,36.0,30.055374280230325,0.15403071017274472,0.7254798464491363
2026-07-14,Mattapan,1533,-53.0,-31.650358773646445,0.016960208741030658,0.9817351598173516
2026-07-14,Orange,6032,50.0,79.34350132625995,0.08604111405835543,0.9015251989389921
2026-07-14,Red,3921,370.0,424.57944401938283,0.551900025503698,0.4072940576383576
2026-07-15,Blue,3490,489.0,578.2358166189111,0.6343839541547278,0.3656160458452722
2026-07-15,Green,20867,56.0,62.774332678391715,0.17970958930368525,0.7106915224996406
2026-07-15,Mattapan,1406,-49.0,-39.55761024182077,0.03485064011379801,0.9395448079658606
2026-07-15,Orange,7132,91.0,120.56533931575996,0.16699383062254627,0.7989343802579921
2026-07-15,Red,4208,395.0,492.39971482889734,0.589828897338403,0.38165399239543724
2026-07-16,Blue,3486,144.0,347.23149741824443,0.3952954675846242,0.6047045324153758
2026-07-16,Green,19826,11.5,-9.288711792595581,0.10072631897508322,0.7689902148693635
2026-07-16,Mattapan,1420,-46.0,-10.028873239436619,0.061971830985915494,0.9330985915492958
2026-07-16,Orange,7299,40.0,59.75202082477052,0.09343745718591588,0.8836826962597616
2026-07-16,Red,5413,198.0,293.55902457047847,0.3801958248660632,0.5939405135784224
2026-07-17,Blue,3703,477.0,519.3788819875776,0.6805293005671077,0.30596813394544964
2026-07-17,Green,19820,112.0,145.9803229061554,0.2805247225025227,0.6391019172552976
2026-07-17,Mattapan,1231,-18.0,36.854589764419174,0.13809910641754672,0.8391551584077985
2026-07-17,Orange,4496,66.0,230.05849644128114,0.29915480427046265,0.6692615658362989
2026-07-17,Red,5864,217.0,266.2075375170532,0.38813096862210095,0.5840723055934516
2026-07-18,Blue,1504,440.0,542.3590425531914,0.6030585106382979,0.35438829787234044
2026-07-18,Green,16402,62.0,89.84770149981709,0.26319960980368245,0.5907206438239239
2026-07-18,Mattapan,1108,-52.0,-63.82942238267148,0.01263537906137184,0.9620938628158845
2026-07-18,Orange,4848,78.0,153.2052392739274,0.1745049504950495,0.8013613861386139
2026-07-18,Red,5058,52.0,84.05792803479636,0.10419137999209174,0.8894820086990906
2026-07-19,Blue,1878,507.0,588.1485623003194,0.65814696485623,0.28168264110756125
2026-07-19,Green,15956,32.0,23.257771371270994,0.21214590122837804,0.6188267736274755
2026-07-19,Mattapan,948,-81.0,-73.23628691983123,0.03059071729957806,0.9018987341772152
2026-07-19,Orange,5193,12.0,18.701713845561333,0.005584440593106105,0.9944155594068939
2026-07-19,Red,4326,320.5,370.9211742949607,0.5171058714748035,0.4655570966250578
2026-07-20,Blue,2191,411.0,473.03925148334093,0.5937927886809676,0.38110451848471016
2026-07-20,Green,20056,75.0,104.32264658954927,0.2517451136816913,0.6378639808536098
2026-07-20,Mattapan,1542,-46.5,-36.16018158236057,0.01556420233463035,0.977302204928664
2026-07-20,Orange,7747,58.0,196.02323480056796,0.18368400671227572,0.8163159932877243
2026-07-20,Red,4524,391.0,467.4263925729443,0.5758178603006189,0.40716180371352784
2026-07-21,Blue,4017,273.0,305.1329350261389,0.44784665173014687,0.5521533482698531
2026-07-21,Green,19534,83.0,98.20594860243678,0.24168117129108221,0.6524521347394286
2026-07-21,Mattapan,1546,-57.0,-45.39133247089263,0.023932729624838292,0.9741267787839586
2026-07-21,Orange,7698,49.0,86.20615744349182,0.08235905429981813,0.9176409457001818
2026-07-21,Red,187,-872.0,-814.0802139037434,0.09090909090909091,0.058823529411764705
2026-07-22,Blue,3802,84.0,209.1788532351394,0.24118884797475013,0.7585481325618095
2026-07-22,Green,19752,99.0,109.57847306601863,0.24665856622114216,0.6616545159983799
2026-07-22,Mattapan,1493,-48.0,-46.589417280643,0.0006697923643670462,0.9973208305425318
2026-07-22,Orange,6836,78.5,232.30763604447046,0.30719719133996487,0.6796372147454652
2026-07-22,Red,198,-913.5,-871.9646464646464,0.10606060606060606,0.08585858585858586
2026-07-23,Blue,2955,183.0,356.9675126903553,0.4182741116751269,0.581725888324873
2026-07-23,Green,20212,19.0,-1.7617751830595685,0.12893330694636848,0.7305066297249159
2026-07-23,Mattapan,1508,-9.0,21.52320954907162,0.09283819628647215,0.8793103448275862
2026-07-23,Orange,7588,66.0,140.83394833948338,0.20057986294148655,0.7970479704797048
2026-07-23,Red,340,-782.0,-471.13235294117646,0.2,0.16176470588235295
2026-07-24,Blue,458,156.5,303.03275109170306,0.4126637554585153,0.4039301310043668
2026-07-24,Green,19545,108.0,126.22312611921207,0.26548989511383986,0.6387822972627271
2026-07-24,Mattapan,1547,-26.0,-6.509372979961215,0.04783451842275371,0.945054945054945
2026-07-24,Orange,7058,76.0,188.37177670728252,0.2837914423349391,0.7159251912723151
2026-07-24,Red,375,-940.0,-908.0453333333334,0.09066666666666667,0.04533333333333334
2026-07-25,Blue,1182,102.0,247.2055837563452,0.31725888324873097,0.6514382402707276
2026-07-25,Green,16808,13.0,-8.41301761066159,0.17545216563541172,0.6389814374107567
2026-07-25,Mattapan,1114,-76.0,-81.04308797127469,0.012567324955116697,0.9551166965888689
2026-07-25,Orange,5647,52.0,102.01576058083938,0.1694705153178679,0.8142376483088366
2026-07-25,Red,352,-863.5,-707.8607954545455,0.14488636363636365,0.10795454545454546
2026-07-26,Blue,2364,332.0,384.72250423011843,0.5532994923857868,0.4251269035532995
2026-07-26,Green,15050,3.0,-30.760066445182723,0.18205980066445182,0.5851827242524917
2026-07-26,Mattapan,1040,-39.0,31.635576923076922,0.16923076923076924,0.8076923076923077
2026-07-26,Orange,4929,30.0,83.90363156826943,0.10042604990870359,0.8995739500912964
2026-07-26,Red,341,-832.0,-685.1173020527859,0.15542521994134897,0.10263929618768329
2026-07-27,Blue,2839,531.0,573.6407185628742,0.6509334272631209,0.3212398731947869
2026-07-27,Green,20346,43.0,32.89167403912317,0.1595891084242603,0.7078541236606704
2026-07-27,Mattapan,1399,-32.0,4.177984274481773,0.11293781272337383,0.8799142244460328
2026-07-27,Orange,8065,27.0,48.6205827650341,0.029510229386236826,0.9682579045257285
2026-07-27,Red,349,-873.0,-593.8080229226362,0.2148997134670487,0.09169054441260745
2026-07-28,Blue,3154,154.0,403.4207355738744,0.346861128725428,0.6395053899809765
2026-07-28,Green,20554,23.0,-0.5584314488664007,0.12090104115987156,0.7401965554150044
2026-07-28,Mattapan,1458,-8.0,30.828532235939644,0.11522633744855967,0.8573388203017832
2026-07-28,Orange,5984,21.0,30.440173796791445,0.000501336898395722,0.9994986631016043
2026-07-28,Red,205,-940.0,-905.7170731707317,0.06829268292682927,0.04390243902439024
2026-07-29,Blue,2874,520.5,659.981906750174,0.7066805845511482,0.27244258872651356
2026-07-29,Green,19588,27.0,30.193179497651624,0.17265672860935266,0.6930773943230549
2026-07-29,Mattapan,1541,-69.0,-57.98377676833225,0.011031797534068787,0.9870214146658014
2026-07-29,Orange,7714,36.0,60.274954627949185,0.04316826549131449,0.9568317345086855
2026-07-29,Red,344,-776.5,-459.90406976744185,0.22674418604651161,0.15988372093023256
2026-07-30,Blue,3583,293.0,400.50516327100195,0.4914875802400223,0.5023723137036004
2026-07-30,Green,19339,22.0,10.198614199286416,0.15429960184083977,0.6948135891204302
2026-07-30,Mattapan,1421,-14.0,16.58057705840957,0.06966924700914849,0.9211822660098522
2026-07-30,Orange,7177,51.0,164.93688170544795,0.15577539361850357,0.8421345966281176
2026-07-30,Red,487,-760.0,-371.2053388090349,0.26283367556468173,0.13141683778234087
2026-07-31,Blue,3122,152.0,314.3148622677771,0.3597053171044202,0.6108263933376041
2026-07-31,Green,19619,41.0,35.979713542994034,0.18640093786635403,0.6781181507722106
2026-07-31,Mattapan,1356,43.0,127.79572271386431,0.3672566371681416,0.5383480825958702
2026-07-31,Orange,7175,45.0,67.2804181184669,0.07623693379790941,0.9081533101045296
2026-07-31,Red,3244,162.0,294.11189889025894,0.36128236744759556,0.5804562268803946
2026-08-01,Blue,2575,410.0,431.5968932038835,0.5790291262135923,0.4170873786407767
2026-08-01,Green,647,-386.0,-206.30602782071097,0.33539412673879443,0.13601236476043277
2026-08-01,Mattapan,1107,-44.0,-25.539295392953928,0.05962059620596206,0.9250225835591689
2026-08-01,Orange,5804,56.0,107.3842177808408,0.11698828394210889,0.8830117160578911
2026-08-01,Red,4989,45.0,62.8877530567248,0.05351773902585689,0.9422730006013229
2026-08-02,Blue,2607,174.0,226.96240889911775,0.31837360951285004,0.68162639048715
2026-08-02,Green,494,-568.0,-502.834008097166,0.17813765182186234,0.1720647773279352
2026-08-02,Mattapan,1028,-64.5,-67.07101167315174,0.027237354085603113,0.9270428015564203
2026-08-02,Orange,5154,35.0,65.50970120294916,0.0682964687621265,0.9247186651144742
2026-08-02,Red,5007,71.0,128.07968843618934,0.1793489115238666,0.8178550029958058
2026-08-03,Blue,3453,552.0,689.097885896322,0.7043150883289893,0.29394729220967275
2026-08-03,Green,19560,50.0,47.98783231083845,0.17801635991820042,0.7063905930470348
2026-08-03,Mattapan,1471,-30.0,9.078857919782461,0.08837525492861999,0.8946295037389531
2026-08-03,Orange,8014,18.0,31.980534065385577,0.021462440728724733,0.9785375592712753
2026-08-03,Red,5369,304.0,373.9243807040417,0.5047494878003352,0.47755634196312163
2026-08-04,Blue,3553,490.0,470.0900647340276,0.6363636363636364,0.35068955811989866
2026-08-04,Green,19877,56.0,55.38682899833979,0.19862152236252956,0.6751018765407255
2026-08-04,Mattapan,1513,-48.0,-37.593522802379375,0.018506278916060808,0.9795109054857898
2026-08-04,Orange,6987,104.0,175.2493201660226,0.26520681265206814,0.7224846142836697
2026-08-04,Red,5402,216.0,289.8824509440948,0.3902258422806368,0.6053313587560163
2026-08-05,Blue,2717,253.0,374.258005152742,0.45675377254324623,0.5237394184762606
2026-08-05,Green,19906,39.0,28.457902140058273,0.1770320506379986,0.6682909675474731
2026-08-05,Mattapan,1509,-40.0,-32.6520874751491,0.024519549370444003,0.952286282306163
2026-08-05,Orange,7131,53.0,97.09619969148787,0.1172346094516898,0.8756135184406114
2026-08-05,Red,4842,216.0,260.2769516728625,0.3634861627426683,0.6038826931020239
2026-08-06,Blue,2619,561.0,649.4429171439481,0.6941580756013745,0.2836960672012218
2026-08-06,Green,19770,70.0,62.922053616590794,0.20455235204855843,0.6750126454223571
2026-08-06,Mattapan,1512,-59.0,-43.46957671957672,0.026455026455026454,0.9629629629629629
2026-08-06,Orange,6850,64.0,116.05240875912409,0.14627737226277374,0.8477372262773722
2026-08-06,Red,5303,308.0,320.5847633415048,0.510277201584009,0.46294550254572886
2026-08-07,Blue,996,705.5,657.0993975903615,0.677710843373494,0.2359437751004016
2026-08-07,Green,19517,142.0,156.52297996618333,0.31598093969360047,0.5996310908438797
2026-08-07,Mattapan,1534,-58.0,-41.94784876140808,0.04041720990873533,0.9380704041720991
2026-08-07,Orange,4523,154.0,302.92681848330756,0.3199204068096396,0.6497899624143267
2026-08-07,Red,5429,360.0,414.57911217535457,0.5343525511143857,0.4557008657211273
2026-08-08,Blue,1705,660.0,725.6697947214076,0.7565982404692082,0.21818181818181817
2026-08-08,Green,407,-586.0,-614.1695331695332,0.11302211302211303,0.16953316953316952
2026-08-08,Mattapan,1127,-38.0,-53.870452528837625,0.0,0.9813664596273292
2026-08-08,Orange,5742,97.0,156.0823754789272,0.18930686172065483,0.8073841866945315
2026-08-08,Red,4817,58.0,130.6481212372846,0.14033630890595805,0.8499065808594561
2026-08-09,Blue,1289,676.0,723.66563227308,0.7424359968968193,0.24980605120248253
2026-08-09,Green,407,-475.0,-288.35626535626534,0.24324324324324326,0.16707616707616707
2026-08-09,Mattapan,1041,-42.0,-47.77137367915466,0.013448607108549471,0.9673390970220941
2026-08-09,Orange,4639,33.0,71.6029316663074,0.07997413235611123,0.9107566285837465
2026-08-09,Red,4824,66.0,102.65049751243781,0.125,0.8640132669983416
2026-08-10,Blue,2750,548.0,671.3414545454546,0.6167272727272727,0.3447272727272727
2026-08-10,Green,525,-563.0,-524.0857142857143,0.18476190476190477,0.16952380952380952
2026-08-10,Mattapan,1296,-53.0,-56.93132716049383,0.012345679012345678,0.9645061728395061
2026-08-10,Orange,7321,72.0,107.90096981286709,0.09684469334790329,0.8989209124436552
2026-08-10,Red,3312,291.5,385.8257850241546,0.490036231884058,0.47342995169082125
2026-08-11,Blue,3530,355.0,457.6413597733711,0.5206798866855524,0.4762039660056657
2026-08-11,Green,683,-363.0,-249.66910688140555,0.3074670571010249,0.16544655929721816
2026-08-11,Mattapan,1523,-31.0,-2.0229809586342746,0.0695994747209455,0.9258043335521996
2026-08-11,Orange,5662,274.5,308.95231367008125,0.4645001766160367,0.524726245143059
2026-08-11,Red,5649,224.0,265.01203752876614,0.39688440431934857,0.5848822800495663
2026-08-12,Blue,3443,51.0,130.14870752250943,0.17600929422015685,0.7841998257333721
2026-08-12,Green,773,-650.0,-468.6429495472186,0.2069857697283312,0.17981888745148772
2026-08-12,Mattapan,1507,-56.0,-47.24087591240876,0.015925680159256803,0.980092899800929
2026-08-12,Orange,7300,119.0,162.37493150684932,0.20232876712328768,0.7902739726027397
2026-08-12,Red,4791,221.0,305.6048841577959,0.4303903151742851,0.5629304946775203
2026-08-13,Blue,3271,168.0,384.4601039437481,0.40048914704983185,0.5918679302965454
2026-08-13,Green,675,-530.0,-462.3377777777778,0.16444444444444445,0.23555555555555555
2026-08-13,Mattapan,1441,-38.0,0.4344205412907703,0.06939625260235947,0.9250520471894518
2026-08-13,Orange,6810,123.0,208.65873715124818,0.252129221732746,0.7372980910425845
2026-08-13,Red,4643,172.0,247.69502476846867,0.37540383372819297,0.5729054490631057
2026-08-14,Blue,2095,543.0,560.9923627684964,0.5532219570405728,0.3947494033412888
2026-08-14,Green,561,-534.0,-429.70766488413545,0.21568627450980393,0.16934046345811052
2026-08-14,Mattapan,1528,-63.0,-60.19502617801047,0.01963350785340314,0.9613874345549738
2026-08-14,Orange,7860,84.0,112.99363867684478,0.08676844783715013,0.9132315521628499
2026-08-14,Red,6156,201.0,225.70727745289147,0.34665367121507473,0.6322287199480182
2026-08-15,Blue,2544,122.0,209.80699685534591,0.26375786163522014,0.7319182389937107
2026-08-15,Green,313,-438.0,-309.27156549520765,0.26198083067092653,0.18849840255591055
2026-08-15,Mattapan,1088,-7.0,10.979779411764707,0.04963235294117647,0.9347426470588235
2026-08-15,Orange,6151,53.0,76.51861485937246,0.05007315883596163,0.9470004877255731
2026-08-15,Red,4830,63.0,114.30434782608695,0.13892339544513457,0.8610766045548655
2026-08-16,Blue,2554,231.0,426.0054815974941,0.4044635865309319,0.5955364134690682
2026-08-16,Green,637,-564.0,-355.4552590266876,0.2621664050235479,0.18838304552590268
2026-08-16,Mattapan,1025,-40.0,-40.99121951219512,0.03414634146341464,0.9278048780487805
2026-08-16,Orange,5038,16.0,20.432711393410084,0.013100436681222707,0.9793568876538309
2026-08-16,Red,4577,61.0,130.62114922438278,0.1579637317019882,0.8418177845750492
2026-08-17,Blue,3344,269.5,480.0613038277512,0.4868421052631579,0.506877990430622
2026-08-17,Green,18158,108.0,119.69038440356867,0.26379557219958144,0.6398281749091309
2026-08-17,Mattapan,1493,-70.0,-66.231748158071,0.0026791694574681848,0.9906229068988613
2026-08-17,Orange,6597,38.0,142.86039108685767,0.20948916174018492,0.790510838259815
2026-08-17,Red,4784,231.0,286.8612040133779,0.39945652173913043,0.5854933110367893
2026-08-18,Blue,3532,194.0,399.0973952434881,0.4116647791619479,0.572480181200453
2026-08-18,Green,17949,92.0,116.35456014262633,0.2570059613348933,0.6393113822497075
2026-08-18,Mattapan,1550,-43.0,-42.130967741935486,0.0025806451612903226,0.9954838709677419
2026-08-18,Orange,2984,58.0,135.23056300268095,0.20509383378016086,0.7376005361930295
2026-08-18,Red,4659,178.0,284.645202833226,0.3769049152178579,0.6031337196823353
2026-08-19,Blue,2818,499.0,608.250177430802,0.606458481192335,0.38999290276792054
2026-08-19,Green,19004,40.0,29.35487265838771,0.18411913281414438,0.6538623447695222
2026-08-19,Mattapan,1446,-47.0,-40.25380359612725,0.03803596127247579,0.9322268326417704
2026-08-19,Orange,6685,267.0,300.01780104712043,0.443679880329095,0.550336574420344
2026-08-19,Red,4841,229.0,298.6556496591613,0.41520347035736416,0.5728155339805825
2026-08-20,Blue,3787,129.0,276.52759440190124,0.2920517560073937,0.7018748349617111
2026-08-20,Green,18811,155.0,180.90882993992878,0.322311413534634,0.6064005103396949
2026-08-20,Mattapan,1505,-29.0,9.291029900332227,0.08172757475083056,0.9122923588039867
2026-08-20,Orange,1316,149.5,298.8594224924012,0.3434650455927052,0.601063829787234
2026-08-20,Red,4877,292.0,380.150092269838,0.48862005331146197,0.4765224523272504
2026-08-21,Blue,3804,110.0,389.5722923238696,0.3017875920084122,0.6963722397476341
2026-08-21,Green,19643,100.0,112.44626584533931,0.26492898233467393,0.6365626431807768
2026-08-21,Mattapan,1553,-46.0,-35.232453316162264,0.03541532517707663,0.9298132646490663
2026-08-21,Orange,1254,209.0,354.237639553429,0.43859649122807015,0.47926634768740034
2026-08-21,Red,5455,315.0,352.25426214482127,0.5145737855178735,0.48230980751604036
2026-08-22,Blue,2698,133.5,243.79614529280948,0.34210526315789475,0.6467753891771683
2026-08-22,Green,1986,-301.5,-300.33836858006043,0.2406847935548842,0.2583081570996979
2026-08-22,Mattapan,1111,-15.0,-24.222322232223224,0.0,0.9900990099009901
2026-08-22,Orange,1369,-9.0,-11.81227173119065,0.052593133674214754,0.8933528122717312
2026-08-22,Red,4085,230.0,244.55985312117502,0.3769889840881273,0.6083231334149327
2026-08-23,Blue,2865,52.0,105.35497382198953,0.10401396160558464,0.8959860383944154
2026-08-23,Green,2065,-456.0,-329.97966101694914,0.23922518159806294,0.20677966101694914
2026-08-23,Mattapan,1021,-51.0,-48.27326150832517,0.021547502448579822,0.9569049951028403
2026-08-23,Orange,1453,31.0,32.750172057811426,0.17274604267033725,0.741913282863042
2026-08-23,Red,4451,225.0,272.6886093012806,0.3682318580094361,0.631768141990564
2026-08-24,Blue,3708,483.0,480.54126213592235,0.5587918015102481,0.4261057173678533
2026-08-24,Green,19958,115.5,138.2416073754885,0.2753782944182784,0.643351037178074
2026-08-24,Mattapan,1291,-57.0,-50.53369481022463,0.008520526723470178,0.9907048799380326
2026-08-24,Orange,1239,113.0,176.06214689265536,0.26634382566585957,0.7037933817594835
2026-08-24,Red,4978,337.0,392.22358376858176,0.5401767778224187,0.45158698272398556
2026-08-25,Blue,3388,178.0,295.5917945690673,0.39138134592680046,0.6068476977567887
2026-08-25,Green,20172,60.0,72.0350981558596,0.1947253618877652,0.7014673805274638
2026-08-25,Mattapan,1529,-46.0,-23.387181164159582,0.032701111837802485,0.9561805101373446
2026-08-25,Orange,1106,137.5,183.8499095840868,0.27848101265822783,0.6464737793851718
2026-08-25,Red,5503,227.0,255.31655460657822,0.4201344721061239,0.56787206978012
2026-08-26,Blue,3540,68.0,225.52796610169491,0.2327683615819209,0.7576271186440678
2026-08-26,Green,19313,99.0,133.96075182519547,0.2651581836068969,0.6510122715269507
2026-08-26,Mattapan,1514,-37.0,-39.8672391017173,0.003963011889035667,0.9715984147952443
2026-08-26,Orange,1018,150.5,158.88899803536347,0.32711198428290766,0.6041257367387033
2026-08-26,Red,4362,133.0,204.10110041265474,0.3168271435121504,0.6416781292984869
2026-08-27,Blue,3678,105.0,194.6305057096248,0.2463295269168026,0.7441544317563893
2026-08-27,Green,19453,89.0,119.57004061070272,0.24839356397470827,0.6483318768313371
2026-08-27,Mattapan,1503,-55.0,-41.39121756487026,0.009314703925482368,0.9906852960745176
2026-08-27,Orange,1571,30.0,-60.32781667727562,0.025461489497135583,0.8707829408020369
2026-08-27,Red,5653,201.0,252.72846276313462,0.3647620732354502,0.6198478683884663
2026-08-28,Blue,2747,132.0,256.10738987986895,0.2821259555879141,0.7036767382599199
2026-08-28,Green,18589,191.0,232.84571520791866,0.3812469740168917,0.5678089192533219
2026-08-28,Mattapan,1492,-2.0,18.40951742627346,0.07841823056300268,0.8706434316353887
2026-08-28,Orange,1588,70.0,121.51007556675063,0.19458438287153654,0.7695214105793451
2026-08-28,Red,6025,150.0,176.50473029045642,0.24348547717842323,0.749045643153527
2026-08-29,Blue,2945,35.0,78.94193548387096,0.08421052631578947,0.9123938879456707
2026-08-29,Green,1702,-450.5,-326.4054054054054,0.2679200940070505,0.16392479435957696
2026-08-29,Mattapan,1107,-33.0,-31.725383920505873,0.028906955736224028,0.9539295392953929
2026-08-29,Orange,1191,-21.0,-32.994962216624685,0.008396305625524769,0.9638958858102435
2026-08-29,Red,4573,89.0,132.67657992565057,0.1556964793352285,0.8427727968510824
2026-08-30,Blue,2879,20.0,40.51163598471692,0.019103855505383814,0.9808961444946162
2026-08-30,Green,2032,-570.0,-472.96358267716533,0.17618110236220472,0.21850393700787402
2026-08-30,Mattapan,1048,-7.0,-1.6536259541984732,0.035305343511450385,0.9522900763358778
2026-08-30,Orange,1376,-24.0,-33.50654069767442,0.02180232558139535,0.9425872093023255
2026-08-30,Red,4830,55.0,76.11739130434782,0.08778467908902692,0.9091097308488613
2026-08-31,Blue,3597,141.0,236.13316652766193,0.33666944676118987,0.6616624965248818
2026-08-31,Green,19671,101.0,127.17111483910325,0.2597224340399573,0.6506532458949723
2026-08-31,Mattapan,1367,-21.0,8.217995610826627,0.07315288953913679,0.9012435991221653
2026-08-31,Orange,6719,76.0,217.54874237237684,0.2568834648013097,0.7431165351986903
2026-08-31,Red,6036,129.0,171.75513585155733,0.2239893969516236,0.768389662027833
2026-09-01,Blue,2603,276.0,474.3138686131387,0.4771417595082597,0.4821359969266231
2026-09-01,Green,19787,54.0,63.10486683175822,0.19527972911507555,0.6939404659625006
2026-09-01,Mattapan,1550,-38.0,-25.77806451612903,0.017419354838709676,0.9761290322580645
2026-09-01,Orange,7556,27.0,82.47763366860772,0.13247750132345157,0.8675224986765484
2026-09-01,Red,5140,200.0,312.70525291828795,0.39747081712062254,0.579182879377432
2026-09-02,Blue,3354,383.5,544.2918902802624,0.5906380441264162,0.37507453786523554
2026-09-02,Green,20441,70.0,87.43006702216134,0.20581184873538477,0.69805782495964
2026-09-02,Mattapan,1482,-36.0,-15.68421052631579,0.03913630229419703,0.9554655870445344
2026-09-02,Orange,7598,31.0,56.93142932350619,0.048038957620426426,0.9495919978941827
2026-09-02,Red,5151,373.0,425.5195107746069,0.5732867404387497,0.42011259949524365
2026-09-03,Blue,3687,62.0,185.7973962571196,0.24437211825332247,0.7461350691619203
2026-09-03,Green,20517,43.0,54.96208022615392,0.18506604279378078,0.7033191987132622
2026-09-03,Mattapan,1520,-34.0,-8.321052631578947,0.045394736842105265,0.9506578947368421
2026-09-03,Orange,7969,35.0,59.531810766721044,0.03425774877650897,0.965742251223491
2026-09-03,Red,6084,92.0,134.10026298487836,0.18523997370151216,0.8073635765943459
2026-09-04,Blue,3635,51.0,166.94250343878954,0.1579092159559835,0.8365887207702889
2026-09-04,Green,20226,78.0,96.80297636705231,0.2188272520518145,0.701819440324335
2026-09-04,Mattapan,1341,25.0,67.83818046234154,0.17300521998508575,0.785234899328859
2026-09-04,Orange,7246,61.0,143.27090808722053,0.1293127242616616,0.8607507590394701
2026-09-04,Red,6348,72.0,104.26244486452426,0.11798991808443604,0.8774417139256458
2026-09-05,Blue,2903,64.0,198.65759559076818,0.22390630382363072,0.7661040303134689
2026-09-05,Green,14959,63.0,90.56821980078882,0.24326492412594425,0.6234373955478307
2026-09-05,Mattapan,1117,-19.0,-27.671441360787824,0.0035810205908683975,0.9785138764547896
2026-09-05,Orange,6097,28.0,50.437920288666554,0.037723470559291455,0.9622765294407085
2026-09-05,Red,4686,43.0,59.67584293640632,0.06209987195902689,0.9321382842509603
2026-09-06,Blue,2876,27.0,86.9471488178025,0.12169680111265646,0.8783031988873435
2026-09-06,Green,15477,18.0,-1.3229954125476513,0.1504813594365833,0.6923822446210506
2026-09-06,Mattapan,1044,-32.0,-25.451149425287355,0.031609195402298854,0.9454022988505747
2026-09-06,Orange,4962,26.0,59.01189036678758,0.05401047964530431,0.9459895203546956
2026-09-06,Red,4755,119.0,153.58611987381704,0.17350157728706625,0.8252365930599369
2026-09-07,Blue,2745,20.0,140.95664845173042,0.14681238615664846,0.8524590163934426
2026-09-07,Green,15616,-8.0,-23.49109887295082,0.1481813524590164,0.6765496926229508
2026-09-07,Mattapan,1038,0.0,45.24084778420038,0.09730250481695568,0.8911368015414258
2026-09-07,Orange,4641,18.0,31.00323206205559,0.07735401853048912,0.8875242404654169
2026-09-07,Red,4694,251.5,278.8821900298253,0.41670217298679163,0.573924158500213
2026-09-08,Blue,2739,230.0,508.9937933552391,0.4465133260313983,0.5304855786783498
2026-09-08,Green,21495,34.0,43.41679460339614,0.14780181437543616,0.7451035124447546
2026-09-08,Mattapan,1461,-28.0,5.351813826146475,0.07392197125256673,0.9164955509924709
2026-09-08,Orange,7773,41.0,60.4753634375402,0.040267592949954974,0.958703203396372
2026-09-08,Red,5426,322.0,398.13066715812755,0.5215628455584224,0.46424622189458165
2026-09-09,Blue,4228,25.0,25.71972563859981,0.004966887417218543,0.9867549668874173
2026-09-09,Green,21354,22.0,7.959117729699353,0.1296712559707783,0.7345228060316569
2026-09-09,Mattapan,1517,-9.0,7.218852999340804,0.04482531311799604,0.9472643375082399
2026-09-09,Orange,7676,42.0,55.992965085982284,0.018759770713913496,0.9812402292860865
2026-09-09,Red,5185,364.0,385.35274831243976,0.5764705882352941,0.4113789778206364
2026-09-10,Blue,4067,22.0,64.5574133267765,0.06565035652815343,0.9343496434718466
2026-09-10,Green,20731,30.0,25.48531185181612,0.12913028797453088,0.7619024649076263
2026-09-10,Mattapan,1541,-23.0,-8.18364698247891,0.03698896820246593,0.9597663854639844
2026-09-10,Orange,66,-527.0,-738.8181818181819,0.0,0.16666666666666666
2026-09-10,Red,5301,310.0,371.47538200339557,0.5159403886059234,0.4684021882663648
2026-09-11,Blue,4030,32.0,105.09454094292803,0.0945409429280397,0.9054590570719603
2026-09-11,Green,20339,78.0,106.00216333153055,0.2392939672550273,0.6514086238261468
2026-09-11,Mattapan,1514,-1.0,27.429326287978864,0.07926023778071334,0.9121532364597094
2026-09-11,Orange,131,-1234.0,-1191.0839694656488,0.0,0.04580152671755725
2026-09-11,Red,5182,319.0,389.7028174450019,0.5233500578927055,0.47375530683133926
2026-09-12,Blue,2912,28.0,64.16414835164835,0.08207417582417582,0.9076236263736264
2026-09-12,Green,15554,136.0,175.9055548411984,0.3258325832583258,0.5907162144785907
2026-09-12,Mattapan,1111,-29.0,5.78037803780378,0.10531053105310531,0.8658865886588659
2026-09-12,Orange,341,-828.0,-739.3489736070381,0.10557184750733138,0.06158357771260997
2026-09-12,Red,5006,184.0,208.11705952856573,0.2986416300439473,0.679584498601678
2026-09-13,Blue,2880,7.0,26.37013888888889,0.017013888888888887,0.9829861111111111
2026-09-13,Green,15522,-28.0,-64.1356783919598,0.10726710475454194,0.7028089163767556
2026-09-13,Mattapan,1048,-33.0,-43.12690839694657,0.015267175572519083,0.9627862595419847
2026-09-13,Orange,427,-634.0,-565.9414519906323,0.11475409836065574,0.1405152224824356
2026-09-13,Red,4795,139.0,163.5641293013556,0.20479666319082376,0.7887382690302398
2026-09-14,Blue,3953,230.0,321.18871742980014,0.408044523146977,0.591955476853023
2026-09-14,Green,20990,27.0,27.26755597903764,0.14583134826107672,0.7392567889471177
2026-09-14,Mattapan,1516,-39.0,-27.95250659630607,0.033641160949868076,0.9564643799472295
2026-09-14,Orange,151,-293.0,-376.3907284768212,0.2185430463576159,0.2913907284768212
2026-09-14,Red,5945,311.0,363.1165685449958,0.5111858704793945,0.4671152228763667
2026-09-15,Blue,3960,114.5,180.71944444444443,0.2631313131313131,0.7368686868686869
2026-09-15,Green,21756,-8.0,-33.71423974995403,0.0888030888030888,0.7647085861371575
2026-09-15,Mattapan,1425,-43.0,-21.88140350877193,0.0456140350877193,0.9389473684210526
2026-09-15,Orange,7507,39.0,59.69455175169841,0.03823098441454642,0.9593712534967364
2026-09-15,Red,4612,400.0,451.040763226366,0.6279271465741544,0.3644839549002602
2026-09-16,Blue,3881,61.0,145.9275959804174,0.1525380056686421,0.842051017778923
2026-09-16,Green,19645,-10.0,-21.577449732756428,0.1416136421481293,0.6889793840671927
2026-09-16,Mattapan,1486,-29.0,-12.001345895020188,0.059219380888290714,0.9091520861372813
2026-09-16,Orange,7549,52.0,101.86991654523779,0.12504967545370246,0.8634256192873229
2026-09-16,Red,4752,498.0,523.2765151515151,0.663510101010101,0.29398148148148145
2026-09-17,Blue,3802,121.0,174.40715412940557,0.19621251972645976,0.7961599158337717
2026-09-17,Green,19740,83.0,133.21540020263424,0.2652988855116515,0.6455927051671733
2026-09-17,Mattapan,1469,-8.0,26.490129339686863,0.09462219196732471,0.8958475153165418
2026-09-17,Orange,7318,53.0,105.03347909264826,0.09743099207433725,0.9022957092101667
2026-09-17,Red,4675,469.0,477.80598930481284,0.6714438502673796,0.2964705882352941
2026-09-18,Blue,3437,202.0,357.3828920570265,0.43642711667151585,0.5557171952283969
2026-09-18,Green,21121,34.0,19.75853416031438,0.12494673547653994,0.7687136025756356
2026-09-18,Mattapan,1540,-35.0,-36.08766233766234,0.003896103896103896,0.9863636363636363
2026-09-18,Orange,8137,46.0,73.73921592724591,0.05825242718446602,0.941747572815534
2026-09-18,Red,3640,342.0,406.7074175824176,0.5472527472527473,0.40412087912087913
2026-09-19,Blue,2920,21.0,73.38561643835617,0.06232876712328767,0.9376712328767123
2026-09-19,Green,502,-713.0,-498.47410358565736,0.19721115537848605,0.17131474103585656
2026-09-19,Mattapan,1044,-6.0,7.728927203065134,0.04980842911877394,0.9262452107279694
2026-09-19,Orange,5534,63.0,101.06685941452837,0.1895554752439465,0.7737621973256235
2026-09-19,Red,2798,576.5,654.9982130092924,0.6997855611150822,0.2676912080057184
