parent_station,station_name,service_hour,time_period,from_line,to_line,from_late_over_5_minutes,to_late_over_5_minutes,combined_late_exposure
place-dwnxg,Downtown Crossing,0,Early / night,Orange,Red,0.05394990366088632,0.13916256157635468,0.18560465844699447
place-dwnxg,Downtown Crossing,1,Early / night,Orange,Red,0.06878306878306878,0.15625,0.2142857142857143
place-dwnxg,Downtown Crossing,2,Early / night,Orange,Red,0.6666666666666666,0.3333333333333333,0.7777777777777777
place-dwnxg,Downtown Crossing,5,Early / night,Orange,Red,0.029239766081871343,0.04081632653061224,0.06886263277240723
place-dwnxg,Downtown Crossing,6,Early / night,Orange,Red,0.08505917159763314,0.14965197215777262,0.22198187097571354
place-dwnxg,Downtown Crossing,7,Morning peak (7-9 AM),Orange,Red,0.1222301644031451,0.1553784860557769,0.2586167125636126
place-dwnxg,Downtown Crossing,8,Morning peak (7-9 AM),Orange,Red,0.13077469793887705,0.26175687666370895,0.3583003981234656
place-dwnxg,Downtown Crossing,9,Midday (9 AM-4 PM),Orange,Red,0.13046757164404224,0.3452611218568665,0.43068331334914567
place-dwnxg,Downtown Crossing,10,Midday (9 AM-4 PM),Orange,Red,0.13901345291479822,0.36,0.4489686098654708
place-dwnxg,Downtown Crossing,11,Midday (9 AM-4 PM),Orange,Red,0.08409321175278622,0.43896713615023475,0.4861461915702251
place-dwnxg,Downtown Crossing,12,Midday (9 AM-4 PM),Orange,Red,0.07835820895522388,0.48299319727891155,0.5235049243578028
place-dwnxg,Downtown Crossing,13,Midday (9 AM-4 PM),Orange,Red,0.0774077407740774,0.40074906367041196,0.4471357248084359
place-dwnxg,Downtown Crossing,14,Midday (9 AM-4 PM),Orange,Red,0.12100259291270528,0.36181575433911883,0.43903770282012433
place-dwnxg,Downtown Crossing,15,Midday (9 AM-4 PM),Orange,Red,0.18058690744920994,0.3431818181818182,0.4617945823927766
place-dwnxg,Downtown Crossing,16,Evening peak (4-6 PM),Orange,Red,0.2009132420091324,0.35280898876404493,0.48283823303062945
place-dwnxg,Downtown Crossing,17,Evening peak (4-6 PM),Orange,Red,0.23703112529928172,0.42485207100591715,0.5611800318289359
place-dwnxg,Downtown Crossing,18,Night,Orange,Red,0.16085578446909668,0.5046620046620046,0.5843399864794476
place-dwnxg,Downtown Crossing,19,Night,Orange,Red,0.12529182879377432,0.43472906403940886,0.5055528933698797
place-dwnxg,Downtown Crossing,20,Night,Orange,Red,0.11943127962085308,0.34684684684684686,0.424853763716323
place-dwnxg,Downtown Crossing,21,Night,Orange,Red,0.10796915167095116,0.26,0.33989717223650384
place-dwnxg,Downtown Crossing,22,Night,Orange,Red,0.10195035460992907,0.2559598494353827,0.3318150066294705
place-dwnxg,Downtown Crossing,23,Night,Orange,Red,0.08414239482200647,0.20209059233449478,0.26922860074647903
place-gover,Government Center,0,Early / night,Blue,Green,0.19287833827893175,0.20350404312668463,0.35713085973429737
place-gover,Government Center,1,Early / night,Blue,Green,0.15384615384615385,0.2193158953722334,0.33942114223804365
place-gover,Government Center,5,Early / night,Blue,Green,0.0610079575596817,0.06336088154269973,0.1205033211302804
place-gover,Government Center,6,Early / night,Blue,Green,0.13182096873083998,0.12970969734403953,0.24443220811720412
place-gover,Government Center,7,Morning peak (7-9 AM),Blue,Green,0.2249718785151856,0.12930011862396204,0.32518310656007865
place-gover,Government Center,8,Morning peak (7-9 AM),Blue,Green,0.28205128205128205,0.17167630057803468,0.40530606195346075
place-gover,Government Center,9,Midday (9 AM-4 PM),Blue,Green,0.3639705882352941,0.19140625,0.48571059283088236
place-gover,Government Center,10,Midday (9 AM-4 PM),Blue,Green,0.4989247311827957,0.21420323325635104,0.6062566738682361
place-gover,Government Center,11,Midday (9 AM-4 PM),Blue,Green,0.5362318840579711,0.21213840045377197,0.6346149103553725
place-gover,Government Center,12,Midday (9 AM-4 PM),Blue,Green,0.36308805790108567,0.20374707259953162,0.49285700160742185
place-gover,Government Center,13,Midday (9 AM-4 PM),Blue,Green,0.30710659898477155,0.22776821572002295,0.4649256926181885
place-gover,Government Center,14,Midday (9 AM-4 PM),Blue,Green,0.34517045454545453,0.20546385885031304,0.47971425984374194
place-gover,Government Center,15,Midday (9 AM-4 PM),Blue,Green,0.31797235023041476,0.27348993288590606,0.5045000463922309
place-gover,Government Center,16,Evening peak (4-6 PM),Blue,Green,0.40238252812706815,0.28499156829679595,0.5726984686777012
place-gover,Government Center,17,Evening peak (4-6 PM),Blue,Green,0.4558139534883721,0.3110720562390158,0.6250950259533248
place-gover,Government Center,18,Night,Blue,Green,0.4968421052631579,0.2876179900055525,0.6415593676027938
place-gover,Government Center,19,Night,Blue,Green,0.44660194174757284,0.2892796369824163,0.6066887311456091
place-gover,Government Center,20,Night,Blue,Green,0.4028595458368377,0.19740400216333154,0.5207374613422754
place-gover,Government Center,21,Night,Blue,Green,0.3548717948717949,0.21246458923512748,0.491938693978354
place-gover,Government Center,22,Night,Blue,Green,0.28988149498632637,0.26853932584269663,0.48057623959112195
place-gover,Government Center,23,Night,Blue,Green,0.2605633802816901,0.2611241217798595,0.45364811821750173
place-haecl,Haymarket,0,Early / night,Green,Orange,0.1943900848010437,0.051899907321594066,0.23620116473722685
place-haecl,Haymarket,1,Early / night,Green,Orange,0.21774193548387097,0.04891304347826087,0.25600455820476864
place-haecl,Haymarket,2,Early / night,Green,Orange,0.05263157894736842,0.4,0.43157894736842106
place-haecl,Haymarket,5,Early / night,Green,Orange,0.06005586592178771,0.03824091778202677,0.0960001922727709
place-haecl,Haymarket,6,Early / night,Green,Orange,0.10794044665012408,0.07806691449814127,0.17758078352873896
place-haecl,Haymarket,7,Morning peak (7-9 AM),Green,Orange,0.12073027090694935,0.12215909090909091,0.228141061676839
place-haecl,Haymarket,8,Morning peak (7-9 AM),Green,Orange,0.14506880733944955,0.1259731068648266,0.25276714583455073
place-haecl,Haymarket,9,Midday (9 AM-4 PM),Green,Orange,0.1636466591166478,0.13072877535687452,0.27298210713595905
place-haecl,Haymarket,10,Midday (9 AM-4 PM),Green,Orange,0.19527649769585254,0.1299638989169675,0.2998615016054168
place-haecl,Haymarket,11,Midday (9 AM-4 PM),Green,Orange,0.1880293619424054,0.09353233830845771,0.2639748743577426
place-haecl,Haymarket,12,Midday (9 AM-4 PM),Green,Orange,0.17715617715617715,0.07575757575757576,0.23949283040192137
place-haecl,Haymarket,13,Midday (9 AM-4 PM),Green,Orange,0.2060849598163031,0.07149321266968325,0.2628444966258162
place-haecl,Haymarket,14,Midday (9 AM-4 PM),Green,Orange,0.17557681485649973,0.12447078746824725,0.2781934179183918
place-haecl,Haymarket,15,Midday (9 AM-4 PM),Green,Orange,0.23900789177001128,0.16831683168316833,0.36709567236317775
place-haecl,Haymarket,16,Evening peak (4-6 PM),Green,Orange,0.2562396006655574,0.20786092214663643,0.41083832312736523
place-haecl,Haymarket,17,Evening peak (4-6 PM),Green,Orange,0.2677946324387398,0.24096385542168675,0.4442296607667543
place-haecl,Haymarket,18,Night,Green,Orange,0.2695942190105614,0.16888193901485535,0.39294656357171753
place-haecl,Haymarket,19,Night,Green,Orange,0.2731402612152186,0.12052877138413685,0.36074777249954293
place-haecl,Haymarket,20,Night,Green,Orange,0.18486486486486486,0.11842105263157894,0.28139402560455196
place-haecl,Haymarket,21,Night,Green,Orange,0.19436619718309858,0.10711150131694469,0.2806588433144962
place-haecl,Haymarket,22,Night,Green,Orange,0.251685393258427,0.10127659574468086,0.32747214917523304
place-haecl,Haymarket,23,Night,Green,Orange,0.2487864077669903,0.08340214698596202,0.31143923420426034
place-north,North Station,0,Early / night,Green,Orange,0.20038167938931298,0.051643192488262914,0.24167652223775216
place-north,North Station,1,Early / night,Green,Orange,0.21157684630738524,0.060109289617486336,0.25896840199382654
place-north,North Station,2,Early / night,Green,Orange,0.1,0.0,0.09999999999999998
place-north,North Station,5,Early / night,Green,Orange,0.06358381502890173,0.03802281368821293,0.09918899316468499
place-north,North Station,6,Early / night,Green,Orange,0.09544334975369458,0.07925925925925927,0.16713783981025365
place-north,North Station,7,Morning peak (7-9 AM),Green,Orange,0.1154068090017311,0.1206896551724138,0.2221680561911773
place-north,North Station,8,Morning peak (7-9 AM),Green,Orange,0.13097949886104784,0.11789473684210526,0.23343244215321912
place-north,North Station,9,Midday (9 AM-4 PM),Green,Orange,0.15795328142380421,0.13670694864048338,0.2730669189330879
place-north,North Station,10,Midday (9 AM-4 PM),Green,Orange,0.1823394495412844,0.13172043010752688,0.2900420489296637
place-north,North Station,11,Midday (9 AM-4 PM),Green,Orange,0.18309859154929578,0.09514370664023786,0.2608216195089267
place-north,North Station,12,Midday (9 AM-4 PM),Green,Orange,0.17033603707995365,0.07706592386258125,0.2342748568778773
place-north,North Station,13,Midday (9 AM-4 PM),Green,Orange,0.20272572402044292,0.07608695652173914,0.26338789719280054
place-north,North Station,14,Midday (9 AM-4 PM),Green,Orange,0.17052512704686618,0.13084922010398614,0.27906126726863667
place-north,North Station,15,Midday (9 AM-4 PM),Green,Orange,0.218785151856018,0.16529543754674644,0.34791640199799256
place-north,North Station,16,Evening peak (4-6 PM),Green,Orange,0.24705882352941178,0.19000757002271007,0.39012334684062877
place-north,North Station,17,Evening peak (4-6 PM),Green,Orange,0.2535857716580608,0.21847389558232932,0.41665779584200247
place-north,North Station,18,Night,Green,Orange,0.2555066079295154,0.17042801556420234,0.3823891393407498
place-north,North Station,19,Night,Green,Orange,0.25731981981981983,0.11940298507462686,0.34599805028909514
place-north,North Station,20,Night,Green,Orange,0.19014461703267274,0.11726078799249531,0.2851088973993856
place-north,North Station,21,Night,Green,Orange,0.17604049493813273,0.1070811744386874,0.26427104643007704
place-north,North Station,22,Night,Green,Orange,0.24487534626038782,0.09802235597592433,0.31889444387544874
place-north,North Station,23,Night,Green,Orange,0.24589166159464396,0.0831275720164609,0.3085788568036488
place-pktrm,Park Street,0,Early / night,Green,Red,0.22244355909694555,0.16363636363636364,0.34968006760835446
place-pktrm,Park Street,1,Early / night,Green,Red,0.19812583668005354,0.14814814814814814,0.31692200902374934
place-pktrm,Park Street,2,Early / night,Green,Red,0.18181818181818182,1.0,1.0
place-pktrm,Park Street,5,Early / night,Green,Red,0.06854531607006854,0.03804347826086957,0.10398109208914208
place-pktrm,Park Street,6,Early / night,Green,Red,0.12532637075718014,0.14020857473928158,0.24796311367535073
place-pktrm,Park Street,7,Morning peak (7-9 AM),Green,Red,0.10144482016600062,0.17412935323383086,0.25790965247540354
place-pktrm,Park Street,8,Morning peak (7-9 AM),Green,Red,0.15422127400182872,0.26589077887197854,0.3791060382108322
place-pktrm,Park Street,9,Midday (9 AM-4 PM),Green,Red,0.18753709198813057,0.34079844206426485,0.46442318527357784
place-pktrm,Park Street,10,Midday (9 AM-4 PM),Green,Red,0.22053000304599452,0.34723788049605414,0.4911915126985691
place-pktrm,Park Street,11,Midday (9 AM-4 PM),Green,Red,0.19862604540023895,0.4365175332527207,0.5484398272751044
place-pktrm,Park Street,12,Midday (9 AM-4 PM),Green,Red,0.20097294010337488,0.4896551724137931,0.592220672880343
place-pktrm,Park Street,13,Midday (9 AM-4 PM),Green,Red,0.21911632100991885,0.4145408163265306,0.5428244787545315
place-pktrm,Park Street,14,Midday (9 AM-4 PM),Green,Red,0.21546299071021877,0.3840104849279161,0.5167334280914847
place-pktrm,Park Street,15,Midday (9 AM-4 PM),Green,Red,0.2659198113207547,0.3340961098398169,0.5111731466689694
place-pktrm,Park Street,16,Evening peak (4-6 PM),Green,Red,0.2673733804475854,0.356651376146789,0.5286656725127241
place-pktrm,Park Street,17,Evening peak (4-6 PM),Green,Red,0.2824773413897281,0.43504171632896305,0.5946296302964614
place-pktrm,Park Street,18,Night,Green,Red,0.2654095130875317,0.5129716981132075,0.6422336425768285
place-pktrm,Park Street,19,Night,Green,Red,0.2778590231061714,0.4389027431421446,0.5948086788002208
place-pktrm,Park Street,20,Night,Green,Red,0.2237442922374429,0.34902411021814006,0.4946762499410219
place-pktrm,Park Street,21,Night,Green,Red,0.21656050955414013,0.25443037974683547,0.41589131661694745
place-pktrm,Park Street,22,Night,Green,Red,0.2956030897207368,0.27023498694516973,0.4859557795742714
place-pktrm,Park Street,23,Night,Green,Red,0.272613849033063,0.21052631578947367,0.42574777555241816
place-state,State,0,Early / night,Blue,Orange,0.1887905604719764,0.04388422035480859,0.22438985427012492
place-state,State,1,Early / night,Blue,Orange,0.16022099447513813,0.0425531914893617,0.19595627130598325
place-state,State,2,Early / night,Blue,Orange,1.0,0.6666666666666666,1.0
place-state,State,5,Early / night,Blue,Orange,0.06324110671936758,0.028846153846153848,0.09026299787169345
place-state,State,6,Early / night,Blue,Orange,0.13553113553113552,0.0743801652892562,0.19983047255774522
place-state,State,7,Morning peak (7-9 AM),Blue,Orange,0.24173318129988597,0.11408450704225352,0.32823967751778627
place-state,State,8,Morning peak (7-9 AM),Blue,Orange,0.2884066247858367,0.11794138670478914,0.3723329342285364
place-state,State,9,Midday (9 AM-4 PM),Blue,Orange,0.3784119106699752,0.11452095808383234,0.4495967741935485
place-state,State,10,Midday (9 AM-4 PM),Blue,Orange,0.5133689839572193,0.11989100817438691,0.5717116670795146
place-state,State,11,Midday (9 AM-4 PM),Blue,Orange,0.5379644588045234,0.0802407221664995,0.5750385242966378
place-state,State,12,Midday (9 AM-4 PM),Blue,Orange,0.37334933973589435,0.07677902621722846,0.4214629672093556
place-state,State,13,Midday (9 AM-4 PM),Blue,Orange,0.32792485055508114,0.06594399277326106,0.3722441693531652
place-state,State,14,Midday (9 AM-4 PM),Blue,Orange,0.3570422535211268,0.11600338696020322,0.43162752978497576
place-state,State,15,Midday (9 AM-4 PM),Blue,Orange,0.33178807947019867,0.166412213740458,0.4429867044133259
place-state,State,16,Evening peak (4-6 PM),Blue,Orange,0.4104774535809019,0.191131498470948,0.5231537812603931
place-state,State,17,Evening peak (4-6 PM),Blue,Orange,0.4744186046511628,0.22450592885375495,0.5924147440022061
place-state,State,18,Night,Blue,Orange,0.4964936886395512,0.15402843601895735,0.5740479783040753
place-state,State,19,Night,Blue,Orange,0.45645161290322583,0.11856474258970359,0.5208972875044036
place-state,State,20,Night,Blue,Orange,0.4118150684931507,0.11153119092627599,0.4774160343889997
place-state,State,21,Night,Blue,Orange,0.368474923234391,0.10078192875760209,0.4321212385296218
place-state,State,22,Night,Blue,Orange,0.28116469517743403,0.08885017421602788,0.34503333724355056
place-state,State,23,Night,Blue,Orange,0.27447023208879917,0.0779436152570481,0.33102064517640517
