parent_station,service_hour,from_line,from_direction,to_line,to_direction,comparable_connections,mean_extra_transfer_wait_seconds,missed_scheduled_connection_rate
place-asmnl,0,Mattapan,1,Red,0,377,260.55172413793105,0.09814323607427052
place-asmnl,0,Mattapan,1,Red,1,223,3609.269058295964,0.36322869955156944
place-asmnl,0,Red,0,Mattapan,1,384,392.2447916666667,0.3802083333333333
place-asmnl,0,Red,1,Mattapan,1,234,319.1623931623932,0.12820512820512817
place-asmnl,1,Mattapan,1,Red,0,96,976.2604166666666,0.20833333333333334
place-asmnl,1,Mattapan,1,Red,1,12,1068.75,0.16666666666666666
place-asmnl,1,Red,0,Mattapan,1,135,1467.1777777777777,0.17777777777777773
place-asmnl,1,Red,1,Mattapan,1,28,68.57142857142857,0.0
place-asmnl,2,Mattapan,1,Red,0,4,126.75,0.0
place-asmnl,2,Mattapan,1,Red,1,1,0.0,1.0
place-asmnl,2,Red,0,Mattapan,1,27,388.3703703703704,0.03703703703703702
place-asmnl,3,Red,1,Mattapan,1,1,6630.0,0.0
place-asmnl,4,Red,0,Mattapan,1,1,581.0,0.0
place-asmnl,4,Red,1,Mattapan,1,9,1005.3333333333334,0.0
place-asmnl,5,Mattapan,1,Red,0,306,24.34313725490196,0.0
place-asmnl,5,Mattapan,1,Red,1,306,203.9640522875817,0.5326797385620915
place-asmnl,5,Red,0,Mattapan,1,74,211.8918918918919,0.13513513513513514
place-asmnl,5,Red,1,Mattapan,1,258,153.15891472868216,0.09689922480620154
place-asmnl,6,Mattapan,1,Red,0,417,100.06714628297362,0.09352517985611507
place-asmnl,6,Mattapan,1,Red,1,417,189.22541966426857,0.5971223021582733
place-asmnl,6,Red,0,Mattapan,1,384,108.71614583333333,0.17187499999999997
place-asmnl,6,Red,1,Mattapan,1,444,166.56981981981983,0.09459459459459457
place-asmnl,7,Mattapan,1,Red,0,599,93.30217028380635,0.13021702838063434
place-asmnl,7,Mattapan,1,Red,1,599,169.38230383973288,0.6243739565943238
place-asmnl,7,Red,0,Mattapan,1,513,103.85380116959064,0.34502923976608185
place-asmnl,7,Red,1,Mattapan,1,484,134.1590909090909,0.17148760330578505
place-asmnl,8,Mattapan,1,Red,0,639,145.74804381846636,0.09076682316118932
place-asmnl,8,Mattapan,1,Red,1,638,141.99529780564262,0.5517241379310345
place-asmnl,8,Red,0,Mattapan,1,468,125.00854700854701,0.594017094017094
place-asmnl,8,Red,1,Mattapan,1,468,135.17948717948718,0.16880341880341873
place-asmnl,9,Mattapan,1,Red,0,573,113.64223385689354,0.08900523560209421
place-asmnl,9,Mattapan,1,Red,1,572,194.9527972027972,0.541958041958042
place-asmnl,9,Red,0,Mattapan,1,506,193.7509881422925,0.48023715415019763
place-asmnl,9,Red,1,Mattapan,1,499,206.71543086172343,0.2685370741482966
place-asmnl,10,Mattapan,1,Red,0,480,101.55625,0.0708333333333333
place-asmnl,10,Mattapan,1,Red,1,480,151.43541666666667,0.475
place-asmnl,10,Red,0,Mattapan,1,480,206.08541666666667,0.575
place-asmnl,10,Red,1,Mattapan,1,420,243.22619047619048,0.24761904761904757
place-asmnl,11,Mattapan,1,Red,0,533,161.40150093808631,0.12570356472795494
place-asmnl,11,Mattapan,1,Red,1,533,144.52720450281427,0.39587242026266417
place-asmnl,11,Red,0,Mattapan,1,472,134.07627118644066,0.5529661016949152
place-asmnl,11,Red,1,Mattapan,1,432,145.75,0.2384259259259259
place-asmnl,12,Mattapan,1,Red,0,543,145.6390423572744,0.15653775322283606
place-asmnl,12,Mattapan,1,Red,1,541,167.6728280961183,0.32532347504621073
place-asmnl,12,Red,0,Mattapan,1,465,115.00860215053764,0.5978494623655914
place-asmnl,12,Red,1,Mattapan,1,430,165.4093023255814,0.4
place-asmnl,13,Mattapan,1,Red,0,477,135.40670859538784,0.14884696016771484
place-asmnl,13,Mattapan,1,Red,1,476,131.39705882352942,0.30462184873949577
place-asmnl,13,Red,0,Mattapan,1,463,117.75809935205183,0.5615550755939525
place-asmnl,13,Red,1,Mattapan,1,408,139.19117647058823,0.33088235294117646
place-asmnl,14,Mattapan,1,Red,0,534,147.47191011235955,0.15168539325842692
place-asmnl,14,Mattapan,1,Red,1,534,146.45318352059925,0.3576779026217228
place-asmnl,14,Red,0,Mattapan,1,471,120.60934182590233,0.5753715498938429
place-asmnl,14,Red,1,Mattapan,1,430,164.43023255813952,0.30930232558139537
place-asmnl,15,Mattapan,1,Red,0,647,146.94744976816074,0.1684698608964451
place-asmnl,15,Mattapan,1,Red,1,647,143.32457496136013,0.38948995363214833
place-asmnl,15,Red,0,Mattapan,1,459,107.01525054466231,0.599128540305011
place-asmnl,15,Red,1,Mattapan,1,436,127.69266055045871,0.29128440366972475
place-asmnl,16,Mattapan,1,Red,0,659,163.38998482549317,0.12443095599393017
place-asmnl,16,Mattapan,1,Red,1,659,160.2898330804249,0.3490136570561456
place-asmnl,16,Red,0,Mattapan,1,472,108.42796610169492,0.5932203389830508
place-asmnl,16,Red,1,Mattapan,1,439,138.876993166287,0.29157175398633256
place-asmnl,17,Mattapan,1,Red,0,644,157.62577639751552,0.14751552795031053
place-asmnl,17,Mattapan,1,Red,1,644,158.23757763975155,0.3804347826086956
place-asmnl,17,Red,0,Mattapan,1,469,109.41577825159915,0.603411513859275
place-asmnl,17,Red,1,Mattapan,1,432,127.54166666666667,0.3055555555555556
place-asmnl,18,Mattapan,1,Red,0,591,148.40270727580372,0.16920473773265646
place-asmnl,18,Mattapan,1,Red,1,591,133.8477157360406,0.34517766497461927
place-asmnl,18,Red,0,Mattapan,1,484,109.18595041322314,0.5909090909090909
place-asmnl,18,Red,1,Mattapan,1,443,148.78103837471784,0.4108352144469526
place-asmnl,19,Mattapan,1,Red,0,430,113.94186046511628,0.13023255813953485
place-asmnl,19,Mattapan,1,Red,1,430,138.77209302325582,0.45348837209302323
place-asmnl,19,Red,0,Mattapan,1,498,118.90763052208835,0.5080321285140562
place-asmnl,19,Red,1,Mattapan,1,447,185.48322147651007,0.26174496644295303
place-asmnl,20,Mattapan,1,Red,0,422,119.79620853080569,0.17298578199052128
place-asmnl,20,Mattapan,1,Red,1,422,166.1990521327014,0.4881516587677725
place-asmnl,20,Red,0,Mattapan,1,475,146.62105263157895,0.49894736842105264
place-asmnl,20,Red,1,Mattapan,1,397,188.78337531486147,0.18136020151133497
place-asmnl,21,Mattapan,1,Red,0,415,137.03132530120482,0.21445783132530116
place-asmnl,21,Mattapan,1,Red,1,414,157.3768115942029,0.49516908212560384
place-asmnl,21,Red,0,Mattapan,1,458,165.66375545851528,0.5436681222707423
place-asmnl,21,Red,1,Mattapan,1,380,271.38947368421054,0.3078947368421053
place-asmnl,22,Mattapan,1,Red,0,377,104.96286472148542,0.21485411140583555
place-asmnl,22,Mattapan,1,Red,1,377,172.9893899204244,0.5358090185676392
place-asmnl,22,Red,0,Mattapan,1,437,178.42105263157896,0.631578947368421
place-asmnl,22,Red,1,Mattapan,1,372,245.04301075268816,0.3951612903225806
place-asmnl,23,Mattapan,1,Red,0,337,120.0860534124629,0.314540059347181
place-asmnl,23,Mattapan,1,Red,1,340,183.33529411764707,0.5088235294117647
place-asmnl,23,Red,0,Mattapan,1,365,240.52328767123288,0.7424657534246575
place-asmnl,23,Red,1,Mattapan,1,311,159.2926045016077,0.4533762057877814
place-dwnxg,0,Orange,0,Red,0,399,649.6516290726817,0.3082706766917293
place-dwnxg,0,Orange,0,Red,1,542,583.8948339483395,0.16789667896678964
place-dwnxg,0,Orange,1,Red,0,411,470.27980535279806,0.2238442822384428
place-dwnxg,0,Orange,1,Red,1,541,694.5341959334565,0.15711645101663582
place-dwnxg,0,Red,0,Orange,0,303,1233.3300330033003,0.3795379537953795
place-dwnxg,0,Red,0,Orange,1,293,939.7098976109215,0.3003412969283277
place-dwnxg,0,Red,1,Orange,0,498,774.2610441767068,0.2570281124497992
place-dwnxg,0,Red,1,Orange,1,500,856.774,0.278
place-dwnxg,1,Orange,0,Red,0,63,2036.5714285714287,0.5079365079365079
place-dwnxg,1,Orange,0,Red,1,95,2742.8947368421054,0.2631578947368421
place-dwnxg,1,Orange,1,Red,0,62,1487.4032258064517,0.3709677419354838
place-dwnxg,1,Orange,1,Red,1,89,2316.1011235955057,0.23595505617977525
place-dwnxg,1,Red,0,Orange,0,50,1510.06,0.05999999999999997
place-dwnxg,1,Red,0,Orange,1,49,1798.8367346938776,0.1224489795918367
place-dwnxg,1,Red,1,Orange,0,87,1914.7816091954023,0.19540229885057472
place-dwnxg,1,Red,1,Orange,1,87,1797.7011494252874,0.22988505747126434
place-dwnxg,2,Orange,0,Red,0,1,11955.0,0.0
place-dwnxg,2,Orange,0,Red,1,2,11361.5,0.0
place-dwnxg,2,Orange,1,Red,0,2,11764.5,0.0
place-dwnxg,2,Orange,1,Red,1,6,11960.0,0.0
place-dwnxg,2,Red,0,Orange,0,1,12095.0,0.0
place-dwnxg,2,Red,0,Orange,1,1,8761.0,0.0
place-dwnxg,2,Red,1,Orange,0,2,11681.0,1.0
place-dwnxg,2,Red,1,Orange,1,2,11918.0,1.0
place-dwnxg,5,Orange,0,Red,0,303,62.78547854785479,0.1023102310231023
place-dwnxg,5,Orange,0,Red,1,437,28.270022883295194,0.16933638443935928
place-dwnxg,5,Orange,1,Red,0,275,76.14545454545454,0.0836363636363636
place-dwnxg,5,Orange,1,Red,1,399,53.416040100250626,0.15789473684210525
place-dwnxg,5,Red,0,Orange,0,165,49.23030303030303,0.11515151515151513
place-dwnxg,5,Red,0,Orange,1,165,66.01212121212122,0.21818181818181817
place-dwnxg,5,Red,1,Orange,0,399,56.75689223057644,0.11779448621553883
place-dwnxg,5,Red,1,Orange,1,399,217.16541353383454,0.1102756892230576
place-dwnxg,6,Orange,0,Red,0,644,77.3136645962733,0.20031055900621114
place-dwnxg,6,Orange,0,Red,1,930,49.91505376344086,0.24623655913978493
place-dwnxg,6,Orange,1,Red,0,608,54.875,0.1184210526315789
place-dwnxg,6,Orange,1,Red,1,881,70.64472190692395,0.2939841089670829
place-dwnxg,6,Red,0,Orange,0,500,57.594,0.17999999999999997
place-dwnxg,6,Red,0,Orange,1,500,66.32,0.22799999999999998
place-dwnxg,6,Red,1,Orange,0,833,260.4753901560624,0.21848739495798317
place-dwnxg,6,Red,1,Orange,1,833,233.38295318127254,0.21968787515006
place-dwnxg,7,Orange,0,Red,0,624,59.80769230769231,0.26282051282051283
place-dwnxg,7,Orange,0,Red,1,902,72.49889135254989,0.28603104212860303
place-dwnxg,7,Orange,1,Red,0,623,57.553772070626,0.2664526484751204
place-dwnxg,7,Orange,1,Red,1,905,63.21546961325967,0.3248618784530386
place-dwnxg,7,Red,0,Orange,0,551,57.092558983666066,0.22867513611615242
place-dwnxg,7,Red,0,Orange,1,551,62.8021778584392,0.2867513611615245
place-dwnxg,7,Red,1,Orange,0,831,237.46690734055355,0.2803850782190132
place-dwnxg,7,Red,1,Orange,1,831,195.4921780986763,0.23706377858002403
place-dwnxg,8,Orange,0,Red,0,622,72.69453376205789,0.1977491961414791
place-dwnxg,8,Orange,0,Red,1,892,84.52354260089686,0.32286995515695066
place-dwnxg,8,Orange,1,Red,0,631,77.34389857369256,0.2076069730586371
place-dwnxg,8,Orange,1,Red,1,910,63.27582417582418,0.2945054945054945
place-dwnxg,8,Red,0,Orange,0,536,52.44962686567164,0.3544776119402985
place-dwnxg,8,Red,0,Orange,1,536,59.92164179104478,0.43097014925373134
place-dwnxg,8,Red,1,Orange,0,871,176.54305396096441,0.26406429391504016
place-dwnxg,8,Red,1,Orange,1,871,195.58668197474168,0.3145809414466131
place-dwnxg,9,Orange,0,Red,0,613,61.64926590538336,0.19738988580750402
place-dwnxg,9,Orange,0,Red,1,891,73.9371492704826,0.318742985409652
place-dwnxg,9,Orange,1,Red,0,619,57.64943457189015,0.1857835218093699
place-dwnxg,9,Orange,1,Red,1,899,77.86651835372636,0.339265850945495
place-dwnxg,9,Red,0,Orange,0,551,64.97096188747732,0.40834845735027225
place-dwnxg,9,Red,0,Orange,1,551,63.439201451905625,0.4573502722323049
place-dwnxg,9,Red,1,Orange,0,844,88.59715639810426,0.32701421800947866
place-dwnxg,9,Red,1,Orange,1,844,107.85545023696683,0.3578199052132701
place-dwnxg,10,Orange,0,Red,0,533,54.46529080675422,0.2288930581613508
place-dwnxg,10,Orange,0,Red,1,779,79.71245186136072,0.30166880616174585
place-dwnxg,10,Orange,1,Red,0,592,67.93243243243244,0.20439189189189183
place-dwnxg,10,Orange,1,Red,1,855,77.05964912280702,0.2807017543859649
place-dwnxg,10,Red,0,Orange,0,519,77.77649325626204,0.37764932562620424
place-dwnxg,10,Red,0,Orange,1,519,72.60308285163777,0.45664739884393063
place-dwnxg,10,Red,1,Orange,0,774,98.88113695090439,0.34108527131782945
place-dwnxg,10,Red,1,Orange,1,774,66.84496124031008,0.3888888888888889
place-dwnxg,11,Orange,0,Red,0,488,76.27049180327869,0.2889344262295082
place-dwnxg,11,Orange,0,Red,1,714,55.43557422969187,0.25630252100840334
place-dwnxg,11,Orange,1,Red,0,505,54.53861386138614,0.20792079207920788
place-dwnxg,11,Orange,1,Red,1,735,78.25578231292516,0.27210884353741494
place-dwnxg,11,Red,0,Orange,0,516,72.2422480620155,0.3992248062015503
place-dwnxg,11,Red,0,Orange,1,516,74.67829457364341,0.43410852713178294
place-dwnxg,11,Red,1,Orange,0,795,72.38238993710692,0.4427672955974843
place-dwnxg,11,Red,1,Orange,1,795,67.89182389937108,0.4100628930817609
place-dwnxg,12,Orange,0,Red,0,497,74.12072434607646,0.24346076458752508
place-dwnxg,12,Orange,0,Red,1,731,82.12311901504788,0.29274965800273595
place-dwnxg,12,Orange,1,Red,0,493,87.26166328600405,0.2271805273833671
place-dwnxg,12,Orange,1,Red,1,732,77.9672131147541,0.25819672131147536
place-dwnxg,12,Red,0,Orange,0,503,67.53677932405567,0.4671968190854871
place-dwnxg,12,Red,0,Orange,1,503,79.41948310139165,0.5467196819085487
place-dwnxg,12,Red,1,Orange,0,812,69.99384236453201,0.3817733990147783
place-dwnxg,12,Red,1,Orange,1,812,68.67487684729063,0.41748768472906395
place-dwnxg,13,Orange,0,Red,0,488,69.32786885245902,0.24999999999999994
place-dwnxg,13,Orange,0,Red,1,738,65.78184281842819,0.2466124661246612
place-dwnxg,13,Orange,1,Red,0,481,79.8066528066528,0.22869022869022865
place-dwnxg,13,Orange,1,Red,1,734,59.37738419618529,0.2397820163487738
place-dwnxg,13,Red,0,Orange,0,503,90.97415506958251,0.5069582504970178
place-dwnxg,13,Red,0,Orange,1,503,106.83697813121272,0.5427435387673957
place-dwnxg,13,Red,1,Orange,0,777,99.93436293436294,0.4015444015444015
place-dwnxg,13,Red,1,Orange,1,777,98.55212355212355,0.4066924066924067
place-dwnxg,14,Orange,0,Red,0,541,74.84103512014788,0.23844731977818848
place-dwnxg,14,Orange,0,Red,1,823,58.13122721749696,0.26123936816524906
place-dwnxg,14,Orange,1,Red,0,494,69.23076923076923,0.2692307692307692
place-dwnxg,14,Orange,1,Red,1,738,49.72628726287263,0.26287262872628725
place-dwnxg,14,Red,0,Orange,0,502,63.57569721115538,0.450199203187251
place-dwnxg,14,Red,0,Orange,1,502,80.31075697211155,0.50199203187251
place-dwnxg,14,Red,1,Orange,0,800,64.7475,0.33875
place-dwnxg,14,Red,1,Orange,1,800,89.85875,0.3225
place-dwnxg,15,Orange,0,Red,0,625,80.3888,0.2608
place-dwnxg,15,Orange,0,Red,1,924,54.18939393939394,0.29220779220779214
place-dwnxg,15,Orange,1,Red,0,575,73.0591304347826,0.3130434782608696
place-dwnxg,15,Orange,1,Red,1,874,75.81121281464532,0.34782608695652173
place-dwnxg,15,Red,0,Orange,0,503,57.37574552683897,0.4393638170974155
place-dwnxg,15,Red,0,Orange,1,503,80.26838966202783,0.5049701789264414
place-dwnxg,15,Red,1,Orange,0,809,73.4326328800989,0.36711990111248455
place-dwnxg,15,Red,1,Orange,1,809,61.949320148331275,0.32262051915945605
place-dwnxg,16,Orange,0,Red,0,578,63.48615916955017,0.3494809688581315
place-dwnxg,16,Orange,0,Red,1,875,70.14285714285714,0.3497142857142857
place-dwnxg,16,Orange,1,Red,0,605,54.40330578512397,0.32231404958677684
place-dwnxg,16,Orange,1,Red,1,903,68.41306755260244,0.31893687707641194
place-dwnxg,16,Red,0,Orange,0,509,76.75442043222004,0.42829076620825146
place-dwnxg,16,Red,0,Orange,1,509,80.23772102161101,0.4754420432220039
place-dwnxg,16,Red,1,Orange,0,804,77.56094527363184,0.3582089552238806
place-dwnxg,16,Red,1,Orange,1,804,82.0410447761194,0.38681592039800994
place-dwnxg,17,Orange,0,Red,0,579,92.34369602763385,0.33506044905008636
place-dwnxg,17,Orange,0,Red,1,873,70.58533791523482,0.3825887743413516
place-dwnxg,17,Orange,1,Red,0,588,68.76530612244898,0.2755102040816326
place-dwnxg,17,Orange,1,Red,1,885,55.266666666666666,0.3231638418079096
place-dwnxg,17,Red,0,Orange,0,492,59.03048780487806,0.4451219512195122
place-dwnxg,17,Red,0,Orange,1,492,93.7540650406504,0.5020325203252033
place-dwnxg,17,Red,1,Orange,0,820,64.94634146341464,0.31585365853658537
place-dwnxg,17,Red,1,Orange,1,820,85.68658536585366,0.375609756097561
place-dwnxg,18,Orange,0,Red,0,592,51.814189189189186,0.27533783783783783
place-dwnxg,18,Orange,0,Red,1,895,56.07709497206704,0.30837988826815643
place-dwnxg,18,Orange,1,Red,0,590,69.68983050847457,0.2576271186440678
place-dwnxg,18,Orange,1,Red,1,885,76.91073446327684,0.3333333333333333
place-dwnxg,18,Red,0,Orange,0,536,50.31902985074627,0.43843283582089554
place-dwnxg,18,Red,0,Orange,1,536,55.473880597014926,0.4832089552238806
place-dwnxg,18,Red,1,Orange,0,801,62.28089887640449,0.3857677902621723
place-dwnxg,18,Red,1,Orange,1,801,62.21847690387016,0.383270911360799
place-dwnxg,19,Orange,0,Red,0,565,68.22654867256637,0.3274336283185841
place-dwnxg,19,Orange,0,Red,1,848,60.87382075471698,0.3596698113207547
place-dwnxg,19,Orange,1,Red,0,587,70.49574105621805,0.2674616695059625
place-dwnxg,19,Orange,1,Red,1,876,60.705479452054796,0.3367579908675799
place-dwnxg,19,Red,0,Orange,0,506,67.4505928853755,0.43873517786561267
place-dwnxg,19,Red,0,Orange,1,506,62.17391304347826,0.44664031620553357
place-dwnxg,19,Red,1,Orange,0,811,72.6189889025894,0.39457459926017263
place-dwnxg,19,Red,1,Orange,1,811,72.35881627620222,0.3649815043156597
place-dwnxg,20,Orange,0,Red,0,497,64.09255533199195,0.3581488933601609
place-dwnxg,20,Orange,0,Red,1,745,63.848322147651004,0.43355704697986575
place-dwnxg,20,Orange,1,Red,0,498,63.04016064257028,0.3273092369477912
place-dwnxg,20,Orange,1,Red,1,753,71.97078353253652,0.4103585657370518
place-dwnxg,20,Red,0,Orange,0,530,65.14716981132075,0.41132075471698115
place-dwnxg,20,Red,0,Orange,1,530,71.47735849056603,0.47358490566037736
place-dwnxg,20,Red,1,Orange,0,773,61.793014230271666,0.2833117723156533
place-dwnxg,20,Red,1,Orange,1,773,77.2522639068564,0.3557567917205691
place-dwnxg,21,Orange,0,Red,0,495,83.21616161616161,0.42626262626262623
place-dwnxg,21,Orange,0,Red,1,752,71.12898936170212,0.42686170212765956
place-dwnxg,21,Orange,1,Red,0,514,90.74708171206225,0.39105058365758755
place-dwnxg,21,Orange,1,Red,1,767,75.77183833116037,0.36897001303780963
place-dwnxg,21,Red,0,Orange,0,474,60.029535864978904,0.4177215189873418
place-dwnxg,21,Red,0,Orange,1,474,90.16244725738396,0.4915611814345991
place-dwnxg,21,Red,1,Orange,0,723,59.333333333333336,0.355463347164592
place-dwnxg,21,Red,1,Orange,1,723,79.2268326417704,0.3969571230982019
place-dwnxg,22,Orange,0,Red,0,489,76.23926380368098,0.4498977505112474
place-dwnxg,22,Orange,0,Red,1,736,70.26358695652173,0.41847826086956524
place-dwnxg,22,Orange,1,Red,0,498,74.99598393574297,0.4357429718875502
place-dwnxg,22,Orange,1,Red,1,734,72.23841961852861,0.3760217983651226
place-dwnxg,22,Red,0,Orange,0,446,73.50224215246637,0.5044843049327354
place-dwnxg,22,Red,0,Orange,1,446,75.82959641255606,0.5067264573991032
place-dwnxg,22,Red,1,Orange,0,680,70.76764705882353,0.4308823529411765
place-dwnxg,22,Red,1,Orange,1,680,82.05735294117648,0.4455882352941177
place-dwnxg,23,Orange,0,Red,0,468,73.55555555555556,0.5277777777777778
place-dwnxg,23,Orange,0,Red,1,692,90.58381502890174,0.5592485549132948
place-dwnxg,23,Orange,1,Red,0,442,92.39592760180996,0.5497737556561086
place-dwnxg,23,Orange,1,Red,1,637,104.84458398744113,0.4945054945054945
place-dwnxg,23,Red,0,Orange,0,382,62.90575916230367,0.5706806282722513
place-dwnxg,23,Red,0,Orange,1,397,72.95214105793451,0.5969773299748111
place-dwnxg,23,Red,1,Orange,0,620,56.80483870967742,0.5483870967741935
place-dwnxg,23,Red,1,Orange,1,620,85.55483870967743,0.6
place-gover,0,Blue,0,Green,0,340,96.90294117647059,0.40294117647058825
place-gover,0,Blue,0,Green,1,340,86.66176470588235,0.3558823529411765
place-gover,0,Blue,1,Green,0,340,239.44411764705882,0.35882352941176465
place-gover,0,Blue,1,Green,1,340,65.3970588235294,0.45294117647058824
place-gover,0,Green,0,Blue,0,834,680.0767386091127,0.13549160671462826
place-gover,0,Green,0,Blue,1,1007,484.44587884806356,0.09334657398212508
place-gover,0,Green,1,Blue,0,1240,488.18870967741935,0.1919354838709677
place-gover,0,Green,1,Blue,1,1529,868.1229561805102,0.17985611510791363
place-gover,1,Blue,0,Green,0,80,368.4875,0.37499999999999994
place-gover,1,Blue,0,Green,1,80,261.1625,0.35
place-gover,1,Blue,1,Green,0,97,281.37113402061857,0.3711340206185567
place-gover,1,Blue,1,Green,1,97,466.78350515463916,0.35051546391752575
place-gover,1,Green,0,Blue,0,126,2623.9126984126983,0.23015873015873012
place-gover,1,Green,0,Blue,1,146,2236.8561643835615,0.2054794520547945
place-gover,1,Green,1,Blue,0,187,3110.0320855614973,0.21925133689839568
place-gover,1,Green,1,Blue,1,216,3113.421296296296,0.23148148148148145
place-gover,2,Green,0,Blue,0,2,11363.5,0.5
place-gover,2,Green,0,Blue,1,2,12316.5,0.5
place-gover,2,Green,1,Blue,0,19,9124.578947368422,0.10526315789473684
place-gover,2,Green,1,Blue,1,19,9554.157894736842,0.0
place-gover,3,Green,1,Blue,0,1,7408.0,0.0
place-gover,3,Green,1,Blue,1,1,8292.0,0.0
place-gover,4,Blue,1,Green,0,21,1373.7619047619048,0.0
place-gover,4,Blue,1,Green,1,21,1670.4285714285713,0.0
place-gover,4,Green,0,Blue,0,2,1213.0,0.0
place-gover,4,Green,0,Blue,1,2,3059.0,0.0
place-gover,5,Blue,0,Green,0,454,77.23568281938326,0.2577092511013216
place-gover,5,Blue,0,Green,1,454,89.18722466960352,0.3568281938325991
place-gover,5,Blue,1,Green,0,402,58.517412935323385,0.20895522388059698
place-gover,5,Blue,1,Green,1,402,79.66169154228855,0.42039800995024873
place-gover,5,Green,0,Blue,0,716,116.10754189944134,0.14944134078212287
place-gover,5,Green,0,Blue,1,719,167.8692628650904,0.21696801112656464
place-gover,5,Green,1,Blue,0,722,103.77008310249307,0.20775623268698054
place-gover,5,Green,1,Blue,1,724,185.42817679558007,0.23618784530386736
place-gover,6,Blue,0,Green,0,835,71.97365269461078,0.36167664670658684
place-gover,6,Blue,0,Green,1,835,83.0,0.49221556886227547
place-gover,6,Blue,1,Green,0,843,62.95848161328588,0.3001186239620403
place-gover,6,Blue,1,Green,1,843,69.09727164887308,0.49228944246737844
place-gover,6,Green,0,Blue,0,1389,92.48668106551476,0.2145428365730741
place-gover,6,Green,0,Blue,1,1397,111.74803149606299,0.26198997852541156
place-gover,6,Green,1,Blue,0,1545,87.70355987055017,0.20647249190938508
place-gover,6,Green,1,Blue,1,1545,116.59093851132685,0.25501618122977343
place-gover,7,Blue,0,Green,0,885,71.4870056497175,0.49491525423728816
place-gover,7,Blue,0,Green,1,885,64.68587570621469,0.6734463276836158
place-gover,7,Blue,1,Green,0,886,63.88487584650113,0.38261851015801357
place-gover,7,Blue,1,Green,1,886,66.90406320541761,0.6094808126410836
place-gover,7,Green,0,Blue,0,1345,68.2453531598513,0.21635687732342004
place-gover,7,Green,0,Blue,1,1354,68.39807976366322,0.28064992614475626
place-gover,7,Green,1,Blue,0,1749,71.05431675242995,0.16923956546598048
place-gover,7,Green,1,Blue,1,1749,76.49056603773585,0.21612349914236703
place-gover,8,Blue,0,Green,0,896,60.691964285714285,0.4508928571428571
place-gover,8,Blue,0,Green,1,896,56.683035714285715,0.5859375
place-gover,8,Blue,1,Green,0,872,73.84288990825688,0.40022935779816515
place-gover,8,Blue,1,Green,1,872,53.42545871559633,0.4782110091743119
place-gover,8,Green,0,Blue,0,1389,55.4996400287977,0.2512598992080633
place-gover,8,Green,0,Blue,1,1399,58.16583273766977,0.30736240171551105
place-gover,8,Green,1,Blue,0,1728,76.49016203703704,0.2042824074074074
place-gover,8,Green,1,Blue,1,1729,79.25621746674378,0.2637362637362637
place-gover,9,Blue,0,Green,0,858,54.66899766899767,0.5268065268065268
place-gover,9,Blue,0,Green,1,858,56.80885780885781,0.6095571095571095
place-gover,9,Blue,1,Green,0,868,61.895161290322584,0.4412442396313364
place-gover,9,Blue,1,Green,1,868,62.18663594470046,0.5368663594470046
place-gover,9,Green,0,Blue,0,1443,74.93832293832294,0.21621621621621617
place-gover,9,Green,0,Blue,1,1454,70.99724896836314,0.24896836313617607
place-gover,9,Green,1,Blue,0,1818,76.25302530253025,0.1892189218921892
place-gover,9,Green,1,Blue,1,1819,71.21385376580538,0.23474436503573387
place-gover,10,Blue,0,Green,0,541,64.75046210720888,0.600739371534196
place-gover,10,Blue,0,Green,1,541,79.46765249537893,0.678373382624769
place-gover,10,Blue,1,Green,0,565,77.15575221238939,0.5575221238938053
place-gover,10,Blue,1,Green,1,565,78.59646017699114,0.6106194690265486
place-gover,10,Green,0,Blue,0,1439,156.28492008339126,0.14662960389159135
place-gover,10,Green,0,Blue,1,1449,138.20427881297448,0.18633540372670804
place-gover,10,Green,1,Blue,0,1777,150.1480022509848,0.11423747889701738
place-gover,10,Green,1,Blue,1,1777,147.08441193021946,0.13731007315700616
place-gover,11,Blue,0,Green,0,460,46.97826086956522,0.6152173913043478
place-gover,11,Blue,0,Green,1,460,50.68478260869565,0.7065217391304348
place-gover,11,Blue,1,Green,0,458,44.38646288209607,0.6441048034934498
place-gover,11,Blue,1,Green,1,458,47.02620087336245,0.7205240174672489
place-gover,11,Green,0,Blue,0,1434,118.19874476987448,0.14225941422594138
place-gover,11,Green,0,Blue,1,1443,125.28828828828829,0.1843381843381843
place-gover,11,Green,1,Blue,0,1854,109.34466019417475,0.06850053937432575
place-gover,11,Green,1,Blue,1,1856,97.89331896551724,0.09698275862068961
place-gover,12,Blue,0,Green,0,547,57.875685557586834,0.5447897623400365
place-gover,12,Blue,0,Green,1,547,61.981718464351005,0.6544789762340036
place-gover,12,Blue,1,Green,0,530,65.20566037735848,0.5188679245283019
place-gover,12,Blue,1,Green,1,530,61.33207547169811,0.6283018867924528
place-gover,12,Green,0,Blue,0,1400,98.09428571428572,0.24428571428571424
place-gover,12,Green,0,Blue,1,1413,104.64331210191082,0.28874734607218683
place-gover,12,Green,1,Blue,0,1790,86.20167597765364,0.15921787709497204
place-gover,12,Green,1,Blue,1,1790,83.19106145251396,0.17765363128491618
place-gover,13,Blue,0,Green,0,673,62.536404160475485,0.43684992570579495
place-gover,13,Blue,0,Green,1,673,58.025260029717685,0.5037147102526003
place-gover,13,Blue,1,Green,0,657,67.17351598173516,0.4124809741248097
place-gover,13,Blue,1,Green,1,657,59.117199391171994,0.517503805175038
place-gover,13,Green,0,Blue,0,1362,82.99045521292217,0.2973568281938326
place-gover,13,Green,0,Blue,1,1372,88.84110787172011,0.36151603498542273
place-gover,13,Green,1,Blue,0,1779,85.415964024733,0.20179876335019667
place-gover,13,Green,1,Blue,1,1779,97.19730185497471,0.24564362001124224
place-gover,14,Blue,0,Green,0,783,48.982120051085566,0.4776500638569604
place-gover,14,Blue,0,Green,1,783,49.665389527458494,0.5466155810983397
place-gover,14,Blue,1,Green,0,761,48.599211563731934,0.43101182654402104
place-gover,14,Blue,1,Green,1,761,53.597897503285154,0.49540078843626806
place-gover,14,Green,0,Blue,0,1396,88.44269340974212,0.32020057306590255
place-gover,14,Green,0,Blue,1,1405,81.53451957295374,0.3715302491103203
place-gover,14,Green,1,Blue,0,1794,78.07748049052397,0.21181716833890743
place-gover,14,Green,1,Blue,1,1795,79.17938718662953,0.2434540389972145
place-gover,15,Blue,0,Green,0,844,66.32345971563981,0.44549763033175355
place-gover,15,Blue,0,Green,1,844,67.60545023696683,0.5402843601895735
place-gover,15,Blue,1,Green,0,851,52.611045828437135,0.3689776733254994
place-gover,15,Blue,1,Green,1,851,59.23619271445359,0.46768507638072854
place-gover,15,Green,0,Blue,0,1414,73.96605374823197,0.32178217821782173
place-gover,15,Green,0,Blue,1,1424,71.08707865168539,0.36587078651685395
place-gover,15,Green,1,Blue,0,1805,78.25927977839335,0.2770083102493075
place-gover,15,Green,1,Blue,1,1806,69.91196013289037,0.31118493909191575
place-gover,16,Blue,0,Green,0,876,54.68949771689498,0.4406392694063927
place-gover,16,Blue,0,Green,1,876,75.64269406392694,0.593607305936073
place-gover,16,Blue,1,Green,0,874,50.692219679633865,0.391304347826087
place-gover,16,Blue,1,Green,1,874,62.075514874141874,0.5812356979405034
place-gover,16,Green,0,Blue,0,1422,81.79324894514768,0.310126582278481
place-gover,16,Green,0,Blue,1,1431,59.09294199860238,0.32494758909853244
place-gover,16,Green,1,Blue,0,1833,68.09983633387888,0.23022367703218763
place-gover,16,Green,1,Blue,1,1833,73.98199672667758,0.27004909983633385
place-gover,17,Blue,0,Green,0,879,55.255972696245735,0.47440273037542663
place-gover,17,Blue,0,Green,1,879,72.69283276450511,0.5858930602957907
place-gover,17,Blue,1,Green,0,895,49.06703910614525,0.4201117318435754
place-gover,17,Blue,1,Green,1,895,64.04916201117318,0.5508379888268157
place-gover,17,Green,0,Blue,0,1360,74.71176470588236,0.30588235294117644
place-gover,17,Green,0,Blue,1,1379,64.12472806381436,0.33937635968092816
place-gover,17,Green,1,Blue,0,1757,64.03642572566875,0.23676721684689808
place-gover,17,Green,1,Blue,1,1757,70.97040409789413,0.30051223676721683
place-gover,18,Blue,0,Green,0,849,58.11896348645465,0.5429917550058893
place-gover,18,Blue,0,Green,1,849,60.67373380447585,0.624263839811543
place-gover,18,Blue,1,Green,0,827,52.324062877871825,0.5417170495767836
place-gover,18,Blue,1,Green,1,827,48.62394195888754,0.6698911729141476
place-gover,18,Green,0,Blue,0,1428,79.22549019607843,0.2542016806722689
place-gover,18,Green,0,Blue,1,1446,74.30774550484094,0.29875518672199164
place-gover,18,Green,1,Blue,0,1945,79.17223650385604,0.21748071979434444
place-gover,18,Green,1,Blue,1,1947,75.66153055983564,0.24807395993836673
place-gover,19,Blue,0,Green,0,748,60.68582887700535,0.6109625668449198
place-gover,19,Blue,0,Green,1,748,64.39171122994652,0.606951871657754
place-gover,19,Blue,1,Green,0,758,62.445910290237464,0.6279683377308707
place-gover,19,Blue,1,Green,1,758,59.92084432717678,0.5976253298153035
place-gover,19,Green,0,Blue,0,1472,67.046875,0.23029891304347822
place-gover,19,Green,0,Blue,1,1493,75.35498995311454,0.24849296718017413
place-gover,19,Green,1,Blue,0,1805,75.28753462603878,0.22216066481994456
place-gover,19,Green,1,Blue,1,1805,80.10193905817175,0.23102493074792238
place-gover,20,Blue,0,Green,0,716,57.54329608938548,0.5810055865921788
place-gover,20,Blue,0,Green,1,716,64.97206703910615,0.6494413407821229
place-gover,20,Blue,1,Green,0,703,60.07823613086772,0.5988620199146515
place-gover,20,Blue,1,Green,1,703,57.95448079658606,0.6500711237553343
place-gover,20,Green,0,Blue,0,1398,73.66022889842633,0.29542203147353363
place-gover,20,Green,0,Blue,1,1406,80.68563300142247,0.2738264580369843
place-gover,20,Green,1,Blue,0,1940,76.88608247422681,0.24690721649484534
place-gover,20,Green,1,Blue,1,1944,77.09104938271605,0.22222222222222218
place-gover,21,Blue,0,Green,0,580,59.970689655172414,0.5551724137931034
place-gover,21,Blue,0,Green,1,580,73.31551724137931,0.6517241379310345
place-gover,21,Blue,1,Green,0,560,66.0375,0.5553571428571429
place-gover,21,Blue,1,Green,1,560,80.64107142857142,0.7142857142857143
place-gover,21,Green,0,Blue,0,1395,66.18207885304659,0.27885304659498206
place-gover,21,Green,0,Blue,1,1429,120.06787963610917,0.33100069979006297
place-gover,21,Green,1,Blue,0,1781,89.84166198764738,0.22964626614261646
place-gover,21,Green,1,Blue,1,1804,111.62527716186253,0.24279379157427936
place-gover,22,Blue,0,Green,0,586,68.06996587030717,0.5221843003412969
place-gover,22,Blue,0,Green,1,586,60.66382252559727,0.5836177474402731
place-gover,22,Blue,1,Green,0,590,52.12033898305085,0.43559322033898307
place-gover,22,Blue,1,Green,1,590,51.47627118644068,0.6033898305084746
place-gover,22,Green,0,Blue,0,1340,68.09029850746269,0.3485074626865672
place-gover,22,Green,0,Blue,1,1359,78.76747608535688,0.351729212656365
place-gover,22,Green,1,Blue,0,1753,67.4877353108956,0.29035938391329147
place-gover,22,Green,1,Blue,1,1754,78.47206385404789,0.29475484606613456
place-gover,23,Blue,0,Green,0,487,53.68377823408624,0.6262833675564682
place-gover,23,Blue,0,Green,1,497,64.06237424547284,0.7223340040241448
place-gover,23,Blue,1,Green,0,470,64.92765957446808,0.5148936170212766
place-gover,23,Blue,1,Green,1,477,47.882599580712785,0.6960167714884696
place-gover,23,Green,0,Blue,0,1070,82.42242990654205,0.48130841121495327
place-gover,23,Green,0,Blue,1,1129,84.14968999114261,0.5066430469441984
place-gover,23,Green,1,Blue,0,1458,90.89437585733882,0.3861454046639231
place-gover,23,Green,1,Blue,1,1508,71.83753315649868,0.39721485411140584
place-haecl,0,Green,0,Orange,0,548,309.7992700729927,0.2974452554744525
place-haecl,0,Green,0,Orange,1,584,196.13013698630135,0.3561643835616438
place-haecl,0,Green,1,Orange,0,626,1064.2124600638977,0.3130990415335463
place-haecl,0,Green,1,Orange,1,711,1060.8059071729958,0.37130801687763715
place-haecl,0,Orange,0,Green,0,521,161.70441458733205,0.25143953934740876
place-haecl,0,Orange,0,Green,1,521,94.2936660268714,0.24760076775431855
place-haecl,0,Orange,1,Green,0,565,119.67787610619469,0.18230088495575217
place-haecl,0,Orange,1,Green,1,576,113.03472222222223,0.2881944444444444
place-haecl,1,Green,0,Orange,0,71,476.1830985915493,0.3380281690140845
place-haecl,1,Green,0,Orange,1,84,397.9047619047619,0.2619047619047619
place-haecl,1,Green,1,Orange,0,114,2715.6754385964914,0.24561403508771928
place-haecl,1,Green,1,Orange,1,120,2736.3,0.2916666666666667
place-haecl,1,Orange,0,Green,0,66,125.93939393939394,0.045454545454545456
place-haecl,1,Orange,0,Green,1,66,211.75757575757575,0.2878787878787879
place-haecl,1,Orange,1,Green,0,82,500.0,0.06097560975609756
place-haecl,1,Orange,1,Green,1,94,142.43617021276594,0.26595744680851063
place-haecl,2,Green,0,Orange,1,1,12382.0,0.0
place-haecl,2,Green,1,Orange,0,13,9298.615384615385,0.0
place-haecl,2,Green,1,Orange,1,13,9640.384615384615,0.0
place-haecl,2,Orange,1,Green,0,2,10509.0,0.0
place-haecl,2,Orange,1,Green,1,3,4730.333333333333,0.0
place-haecl,4,Green,0,Orange,0,2,3371.0,0.0
place-haecl,4,Green,0,Orange,1,2,53.0,0.0
place-haecl,4,Green,1,Orange,0,1,4243.0,1.0
place-haecl,4,Green,1,Orange,1,1,3445.0,0.0
place-haecl,5,Green,0,Orange,0,517,69.8201160541586,0.17021276595744678
place-haecl,5,Green,0,Orange,1,517,158.28626692456479,0.1373307543520309
place-haecl,5,Green,1,Orange,0,297,127.47474747474747,0.17171717171717168
place-haecl,5,Green,1,Orange,1,298,289.82214765100673,0.1577181208053691
place-haecl,5,Orange,0,Green,0,412,81.05097087378641,0.22572815533980578
place-haecl,5,Orange,0,Green,1,412,127.41019417475728,0.2936893203883495
place-haecl,5,Orange,1,Green,0,317,100.12933753943217,0.1987381703470031
place-haecl,5,Orange,1,Green,1,317,203.8044164037855,0.17981072555205044
place-haecl,6,Green,0,Orange,0,860,148.04767441860466,0.24651162790697675
place-haecl,6,Green,0,Orange,1,860,161.57906976744187,0.2709302325581395
place-haecl,6,Green,1,Orange,0,674,185.51186943620178,0.24480712166172106
place-haecl,6,Green,1,Orange,1,675,169.9688888888889,0.21925925925925926
place-haecl,6,Orange,0,Green,0,797,88.53952321204517,0.33877038895859474
place-haecl,6,Orange,0,Green,1,797,135.5784190715182,0.3989962358845671
place-haecl,6,Orange,1,Green,0,749,76.05340453938585,0.26568758344459276
place-haecl,6,Orange,1,Green,1,749,122.09345794392523,0.3444592790387183
place-haecl,7,Green,0,Orange,0,828,243.66908212560386,0.2560386473429952
place-haecl,7,Green,0,Orange,1,829,196.70325693606756,0.2062726176115802
place-haecl,7,Green,1,Orange,0,787,184.44853875476488,0.2274459974587039
place-haecl,7,Green,1,Orange,1,787,162.23888182973317,0.19059720457433288
place-haecl,7,Orange,0,Green,0,782,75.96419437340154,0.35677749360613803
place-haecl,7,Orange,0,Green,1,782,91.24296675191816,0.5613810741687979
place-haecl,7,Orange,1,Green,0,782,86.70460358056266,0.3900255754475703
place-haecl,7,Orange,1,Green,1,782,121.94501278772378,0.5831202046035806
place-haecl,8,Green,0,Orange,0,835,151.94251497005988,0.2874251497005988
place-haecl,8,Green,0,Orange,1,836,172.58014354066987,0.3456937799043062
place-haecl,8,Green,1,Orange,0,812,211.5036945812808,0.23152709359605908
place-haecl,8,Green,1,Orange,1,813,189.21156211562115,0.2398523985239852
place-haecl,8,Orange,0,Green,0,780,78.75641025641026,0.32820512820512815
place-haecl,8,Orange,0,Green,1,780,106.0923076923077,0.4858974358974359
place-haecl,8,Orange,1,Green,0,778,76.1349614395887,0.3380462724935733
place-haecl,8,Orange,1,Green,1,778,109.46143958868895,0.5205655526992288
place-haecl,9,Green,0,Orange,0,848,91.07193396226415,0.2700471698113207
place-haecl,9,Green,0,Orange,1,848,141.52358490566039,0.3231132075471698
place-haecl,9,Green,1,Orange,0,819,81.63980463980464,0.21611721611721613
place-haecl,9,Green,1,Orange,1,820,119.78536585365853,0.23780487804878048
place-haecl,9,Orange,0,Green,0,777,82.3050193050193,0.3539253539253539
place-haecl,9,Orange,0,Green,1,777,91.87129987129987,0.45045045045045046
place-haecl,9,Orange,1,Green,0,781,86.58514724711908,0.34699103713188223
place-haecl,9,Orange,1,Green,1,781,103.57490396927017,0.46094750320102434
place-haecl,10,Green,0,Orange,0,832,83.14423076923077,0.25240384615384615
place-haecl,10,Green,0,Orange,1,832,65.35216346153847,0.3125
place-haecl,10,Green,1,Orange,0,821,81.68209500609014,0.21559074299634584
place-haecl,10,Green,1,Orange,1,821,59.55176613885506,0.25456760048721067
place-haecl,10,Orange,0,Green,0,666,71.67417417417417,0.21921921921921916
place-haecl,10,Orange,0,Green,1,666,116.84234234234235,0.3978978978978979
place-haecl,10,Orange,1,Green,0,736,86.44972826086956,0.3179347826086957
place-haecl,10,Orange,1,Green,1,736,127.38315217391305,0.44429347826086957
place-haecl,11,Green,0,Orange,0,849,63.52650176678445,0.2956419316843345
place-haecl,11,Green,0,Orange,1,849,70.96819787985866,0.30977620730270905
place-haecl,11,Green,1,Orange,0,877,69.29760547320411,0.1949828962371721
place-haecl,11,Green,1,Orange,1,877,75.85062713797035,0.22120866590649943
place-haecl,11,Orange,0,Green,0,608,79.06085526315789,0.3108552631578947
place-haecl,11,Orange,0,Green,1,608,85.1529605263158,0.53125
place-haecl,11,Orange,1,Green,0,633,99.97156398104265,0.3412322274881517
place-haecl,11,Orange,1,Green,1,633,103.30963665086888,0.5450236966824644
place-haecl,12,Green,0,Orange,0,837,75.13142174432497,0.3213859020310633
place-haecl,12,Green,0,Orange,1,839,55.48629320619786,0.32419547079856975
place-haecl,12,Green,1,Orange,0,839,72.35160905840286,0.2538736591179976
place-haecl,12,Green,1,Orange,1,840,62.885714285714286,0.26190476190476186
place-haecl,12,Orange,0,Green,0,620,73.4,0.3419354838709677
place-haecl,12,Orange,0,Green,1,620,110.1741935483871,0.5435483870967742
place-haecl,12,Orange,1,Green,0,621,86.36392914653784,0.3252818035426731
place-haecl,12,Orange,1,Green,1,621,104.96296296296296,0.463768115942029
place-haecl,13,Green,0,Orange,0,819,80.6971916971917,0.36752136752136755
place-haecl,13,Green,0,Orange,1,819,70.08058608058609,0.398046398046398
place-haecl,13,Green,1,Orange,0,817,68.64504283965728,0.32068543451652387
place-haecl,13,Green,1,Orange,1,817,81.29498164014687,0.3414932680538555
place-haecl,13,Orange,0,Green,0,625,75.6864,0.2784
place-haecl,13,Orange,0,Green,1,625,103.9648,0.4288
place-haecl,13,Orange,1,Green,0,631,82.90491283676704,0.25673534072900156
place-haecl,13,Orange,1,Green,1,631,103.15372424722662,0.40253565768621236
place-haecl,14,Green,0,Orange,0,851,68.22091656874265,0.37132784958871917
place-haecl,14,Green,0,Orange,1,851,90.09165687426557,0.39247943595769674
place-haecl,14,Green,1,Orange,0,823,47.13244228432564,0.2648845686512758
place-haecl,14,Green,1,Orange,1,823,82.7910085054678,0.30619684082624543
place-haecl,14,Orange,0,Green,0,744,62.61693548387097,0.25403225806451607
place-haecl,14,Orange,0,Green,1,744,98.21505376344086,0.4314516129032258
place-haecl,14,Orange,1,Green,0,632,64.11550632911393,0.2484177215189873
place-haecl,14,Orange,1,Green,1,632,113.70094936708861,0.4050632911392405
place-haecl,15,Green,0,Orange,0,854,49.20843091334895,0.3770491803278688
place-haecl,15,Green,0,Orange,1,854,67.0327868852459,0.41569086651053866
place-haecl,15,Green,1,Orange,0,822,54.51946472019465,0.32846715328467146
place-haecl,15,Green,1,Orange,1,823,69.82260024301337,0.34386391251518833
place-haecl,15,Orange,0,Green,0,775,80.0516129032258,0.27354838709677415
place-haecl,15,Orange,0,Green,1,775,103.32903225806452,0.37548387096774194
place-haecl,15,Orange,1,Green,0,765,86.45098039215686,0.32418300653594767
place-haecl,15,Orange,1,Green,1,765,105.59738562091503,0.4300653594771242
place-haecl,16,Green,0,Orange,0,846,55.95390070921986,0.3640661938534279
place-haecl,16,Green,0,Orange,1,846,51.39716312056738,0.39361702127659576
place-haecl,16,Green,1,Orange,0,847,53.22314049586777,0.2916174734356552
place-haecl,16,Green,1,Orange,1,847,71.28099173553719,0.35773317591499404
place-haecl,16,Orange,0,Green,0,794,90.23173803526448,0.29219143576826195
place-haecl,16,Orange,0,Green,1,794,104.54534005037783,0.45591939546599497
place-haecl,16,Orange,1,Green,0,763,99.6697247706422,0.2896461336828309
place-haecl,16,Orange,1,Green,1,763,99.68283093053735,0.4351245085190039
place-haecl,17,Green,0,Orange,0,823,53.3134872417983,0.3888213851761847
place-haecl,17,Green,0,Orange,1,823,76.04374240583232,0.39003645200486026
place-haecl,17,Green,1,Orange,0,812,57.64039408866995,0.31773399014778325
place-haecl,17,Green,1,Orange,1,812,62.741379310344826,0.2672413793103448
place-haecl,17,Orange,0,Green,0,747,166.49531459170012,0.35742971887550196
place-haecl,17,Orange,0,Green,1,747,168.87550200803213,0.5220883534136547
place-haecl,17,Orange,1,Green,0,775,141.89032258064515,0.3716129032258065
place-haecl,17,Orange,1,Green,1,775,172.05935483870968,0.5587096774193548
place-haecl,18,Green,0,Orange,0,832,46.00961538461539,0.3641826923076923
place-haecl,18,Green,0,Orange,1,832,63.05889423076923,0.38341346153846156
place-haecl,18,Green,1,Orange,0,869,51.72266973532796,0.34982738780207134
place-haecl,18,Green,1,Orange,1,869,68.67088607594937,0.31990794016110474
place-haecl,18,Orange,0,Green,0,781,131.595390524968,0.35723431498079383
place-haecl,18,Orange,0,Green,1,781,142.26120358514726,0.4532650448143406
place-haecl,18,Orange,1,Green,0,774,138.671834625323,0.3578811369509044
place-haecl,18,Orange,1,Green,1,774,148.83333333333334,0.48320413436692505
place-haecl,19,Green,0,Orange,0,860,52.03139534883721,0.32790697674418606
place-haecl,19,Green,0,Orange,1,860,75.2546511627907,0.3627906976744186
place-haecl,19,Green,1,Orange,0,814,54.441031941031945,0.36486486486486486
place-haecl,19,Green,1,Orange,1,815,70.72883435582823,0.3619631901840491
place-haecl,19,Orange,0,Green,0,729,84.19890260631001,0.3772290809327846
place-haecl,19,Orange,0,Green,1,729,111.89849108367626,0.3936899862825789
place-haecl,19,Orange,1,Green,0,771,87.43579766536965,0.3631647211413748
place-haecl,19,Orange,1,Green,1,773,113.51487710219922,0.3777490297542044
place-haecl,20,Green,0,Orange,0,838,50.81264916467781,0.3042959427207637
place-haecl,20,Green,0,Orange,1,838,66.81264916467781,0.3341288782816229
place-haecl,20,Green,1,Orange,0,902,62.10088691796009,0.29157427937915736
place-haecl,20,Green,1,Orange,1,903,79.08970099667773,0.31339977851605755
place-haecl,20,Orange,0,Green,0,644,83.76863354037268,0.41459627329192544
place-haecl,20,Orange,0,Green,1,644,114.29347826086956,0.45962732919254656
place-haecl,20,Orange,1,Green,0,648,71.56018518518519,0.32098765432098764
place-haecl,20,Orange,1,Green,1,654,110.16207951070336,0.4877675840978593
place-haecl,21,Green,0,Orange,0,841,67.31391200951248,0.33650416171224734
place-haecl,21,Green,0,Orange,1,843,70.65954922894424,0.39383155397390274
place-haecl,21,Green,1,Orange,0,800,71.45,0.28874999999999995
place-haecl,21,Green,1,Orange,1,800,73.155,0.33625
place-haecl,21,Orange,0,Green,0,647,80.54404945904173,0.401854714064915
place-haecl,21,Orange,0,Green,1,647,128.48995363214837,0.5517774343122102
place-haecl,21,Orange,1,Green,0,645,71.02325581395348,0.2868217054263566
place-haecl,21,Orange,1,Green,1,647,129.4482225656878,0.4652241112828439
place-haecl,22,Green,0,Orange,0,818,65.1601466992665,0.4229828850855746
place-haecl,22,Green,0,Orange,1,818,71.80562347188264,0.4841075794621027
place-haecl,22,Green,1,Orange,0,831,53.09506618531889,0.35379061371841153
place-haecl,22,Green,1,Orange,1,833,76.36134453781513,0.4489795918367347
place-haecl,22,Orange,0,Green,0,656,90.26981707317073,0.4329268292682927
place-haecl,22,Orange,0,Green,1,656,126.71341463414635,0.5350609756097561
place-haecl,22,Orange,1,Green,0,652,84.26840490797547,0.35122699386503065
place-haecl,22,Orange,1,Green,1,661,115.39183055975795,0.5279878971255674
place-haecl,23,Green,0,Orange,0,701,68.58059914407988,0.5492154065620543
place-haecl,23,Green,0,Orange,1,700,61.255714285714284,0.5657142857142857
place-haecl,23,Green,1,Orange,0,718,70.5849582172702,0.5459610027855153
place-haecl,23,Green,1,Orange,1,724,65.81491712707182,0.5469613259668509
place-haecl,23,Orange,0,Green,0,600,91.25666666666666,0.44666666666666666
place-haecl,23,Orange,0,Green,1,603,101.8441127694859,0.6268656716417911
place-haecl,23,Orange,1,Green,0,567,94.03880070546737,0.4021164021164021
place-haecl,23,Orange,1,Green,1,578,113.06055363321799,0.5916955017301038
place-north,0,Green,0,Orange,0,588,292.0391156462585,0.3401360544217687
place-north,0,Green,0,Orange,1,630,203.44444444444446,0.3761904761904762
place-north,0,Green,1,Orange,0,633,1133.6603475513427,0.34755134281200634
place-north,0,Green,1,Orange,1,724,905.5082872928177,0.3729281767955801
place-north,0,Orange,0,Green,0,568,146.2218309859155,0.24471830985915494
place-north,0,Orange,0,Green,1,592,1093.625,0.24493243243243243
place-north,0,Orange,1,Green,0,641,359.2449297971919,0.26677067082683303
place-north,0,Orange,1,Green,1,676,1088.724852071006,0.3032544378698224
place-north,1,Green,0,Orange,0,80,476.025,0.45
place-north,1,Green,0,Orange,1,87,146.7471264367816,0.367816091954023
place-north,1,Green,1,Orange,0,128,3077.546875,0.24999999999999997
place-north,1,Green,1,Orange,1,136,3084.544117647059,0.24264705882352935
place-north,1,Orange,0,Green,0,86,638.6046511627907,0.0697674418604651
place-north,1,Orange,0,Green,1,94,1973.9574468085107,0.3191489361702127
place-north,1,Orange,1,Green,0,99,1428.8686868686868,0.1919191919191919
place-north,1,Orange,1,Green,1,127,2732.464566929134,0.28346456692913385
place-north,2,Green,0,Orange,0,3,11210.666666666666,0.6666666666666666
place-north,2,Green,0,Orange,1,3,3695.6666666666665,0.6666666666666666
place-north,2,Green,1,Orange,0,14,8766.357142857143,0.0
place-north,2,Green,1,Orange,1,16,8358.875,0.125
place-north,2,Orange,0,Green,0,3,0.0,0.3333333333333333
place-north,2,Orange,0,Green,1,4,6931.75,0.0
place-north,2,Orange,1,Green,0,6,7438.666666666667,0.16666666666666666
place-north,2,Orange,1,Green,1,10,6624.1,0.1
place-north,3,Green,1,Orange,0,1,7699.0,0.0
place-north,3,Green,1,Orange,1,1,8531.0,0.0
place-north,4,Green,0,Orange,0,20,460.35,0.0
place-north,4,Green,0,Orange,1,20,614.35,0.0
place-north,4,Green,1,Orange,0,1,4185.0,1.0
place-north,4,Green,1,Orange,1,1,3439.0,0.0
place-north,5,Green,0,Orange,0,540,66.29444444444445,0.22037037037037036
place-north,5,Green,0,Orange,1,540,175.92222222222222,0.21296296296296294
place-north,5,Green,1,Orange,0,286,69.1993006993007,0.1468531468531468
place-north,5,Green,1,Orange,1,287,327.3937282229965,0.1533101045296167
place-north,5,Orange,0,Green,0,501,90.6626746506986,0.34331337325349304
place-north,5,Orange,0,Green,1,504,323.3829365079365,0.2202380952380952
place-north,5,Orange,1,Green,0,358,99.13687150837988,0.217877094972067
place-north,5,Orange,1,Green,1,358,253.1536312849162,0.20391061452513962
place-north,6,Green,0,Orange,0,939,62.863684771033014,0.3035143769968051
place-north,6,Green,0,Orange,1,939,192.1427050053248,0.3003194888178914
place-north,6,Green,1,Orange,0,703,51.34423897581792,0.23186344238975817
place-north,6,Green,1,Orange,1,703,185.84352773826458,0.19203413940256042
place-north,6,Orange,0,Green,0,921,61.08360477741585,0.3007600434310532
place-north,6,Orange,0,Green,1,927,146.17583603020495,0.26429341963322545
place-north,6,Orange,1,Green,0,876,79.90753424657534,0.3356164383561644
place-north,6,Orange,1,Green,1,876,168.73059360730593,0.30821917808219174
place-north,7,Green,0,Orange,0,936,47.587606837606835,0.2745726495726496
place-north,7,Green,0,Orange,1,937,217.28922091782283,0.21985058697972248
place-north,7,Green,1,Orange,0,816,60.115196078431374,0.25612745098039214
place-north,7,Green,1,Orange,1,817,174.29620563035496,0.19216646266829862
place-north,7,Orange,0,Green,0,914,59.989059080962804,0.37089715536105033
place-north,7,Orange,0,Green,1,915,120.63934426229508,0.44371584699453553
place-north,7,Orange,1,Green,0,893,56.95632698768197,0.41881298992161253
place-north,7,Orange,1,Green,1,893,128.27659574468086,0.5061590145576708
place-north,8,Green,0,Orange,0,919,58.09793253536453,0.2992383025027203
place-north,8,Green,0,Orange,1,921,163.68186753528772,0.30727470141150914
place-north,8,Green,1,Orange,0,852,59.40845070422535,0.24178403755868544
place-north,8,Green,1,Orange,1,853,182.4314185228605,0.22274325908558026
place-north,8,Orange,0,Green,0,908,61.313876651982376,0.35242290748898675
place-north,8,Orange,0,Green,1,908,109.17290748898678,0.46145374449339205
place-north,8,Orange,1,Green,0,903,62.692137320044296,0.40420819490586934
place-north,8,Orange,1,Green,1,903,113.93576965669989,0.4883720930232558
place-north,9,Green,0,Orange,0,962,56.189189189189186,0.33783783783783783
place-north,9,Green,0,Orange,1,962,118.08419958419958,0.3212058212058212
place-north,9,Green,1,Orange,0,873,64.78121420389462,0.2737686139747995
place-north,9,Green,1,Orange,1,874,119.81121281464532,0.24828375286041188
place-north,9,Orange,0,Green,0,894,60.77852348993289,0.41387024608501116
place-north,9,Orange,0,Green,1,894,91.89709172259508,0.383668903803132
place-north,9,Orange,1,Green,0,902,74.90354767184036,0.4556541019955654
place-north,9,Orange,1,Green,1,902,90.54212860310422,0.41685144124168516
place-north,10,Green,0,Orange,0,926,62.15658747300216,0.3120950323974082
place-north,10,Green,0,Orange,1,926,74.06155507559396,0.3077753779697624
place-north,10,Green,1,Orange,0,862,58.88631090487239,0.2621809744779582
place-north,10,Green,1,Orange,1,862,72.44895591647332,0.2737819025522042
place-north,10,Orange,0,Green,0,764,59.1282722513089,0.30890052356020936
place-north,10,Orange,0,Green,1,774,251.4780361757106,0.3643410852713178
place-north,10,Orange,1,Green,0,868,63.09447004608295,0.4032258064516129
place-north,10,Orange,1,Green,1,868,190.49884792626727,0.39285714285714285
place-north,11,Green,0,Orange,0,944,52.03813559322034,0.3072033898305085
place-north,11,Green,0,Orange,1,944,70.37817796610169,0.3040254237288136
place-north,11,Green,1,Orange,0,910,52.96263736263736,0.23296703296703294
place-north,11,Green,1,Orange,1,912,64.36842105263158,0.22258771929824556
place-north,11,Orange,0,Green,0,714,61.36134453781513,0.38935574229691877
place-north,11,Orange,0,Green,1,717,253.58019525801953,0.4881450488145049
place-north,11,Orange,1,Green,0,746,74.26139410187668,0.4289544235924933
place-north,11,Orange,1,Green,1,746,217.686327077748,0.4865951742627346
place-north,12,Green,0,Orange,0,948,65.37130801687763,0.33755274261603374
place-north,12,Green,0,Orange,1,949,61.667017913593256,0.3287671232876712
place-north,12,Green,1,Orange,0,873,60.878579610538374,0.2565864833906071
place-north,12,Green,1,Orange,1,874,69.68649885583523,0.27002288329519447
place-north,12,Orange,0,Green,0,740,67.27702702702703,0.41486486486486485
place-north,12,Orange,0,Green,1,740,414.0918918918919,0.48243243243243245
place-north,12,Orange,1,Green,0,732,61.71857923497268,0.3797814207650273
place-north,12,Orange,1,Green,1,732,369.8005464480875,0.4713114754098361
place-north,13,Green,0,Orange,0,912,85.25548245614036,0.40131578947368424
place-north,13,Green,0,Orange,1,912,84.62390350877193,0.4155701754385965
place-north,13,Green,1,Orange,0,856,68.74415887850468,0.3154205607476635
place-north,13,Green,1,Orange,1,856,86.05490654205607,0.34813084112149534
place-north,13,Orange,0,Green,0,722,71.5387811634349,0.3462603878116343
place-north,13,Orange,0,Green,1,722,378.31024930747924,0.3628808864265928
place-north,13,Orange,1,Green,0,740,74.26891891891891,0.3621621621621622
place-north,13,Orange,1,Green,1,740,402.98783783783784,0.3716216216216216
place-north,14,Green,0,Orange,0,938,66.9360341151386,0.4029850746268656
place-north,14,Green,0,Orange,1,938,78.63113006396588,0.3464818763326226
place-north,14,Green,1,Orange,0,861,63.06039488966318,0.3333333333333333
place-north,14,Green,1,Orange,1,861,85.06039488966319,0.29500580720092917
place-north,14,Orange,0,Green,0,848,57.7688679245283,0.3231132075471698
place-north,14,Orange,0,Green,1,849,335.736160188457,0.41578327444051827
place-north,14,Orange,1,Green,0,713,55.09256661991585,0.32819074333800835
place-north,14,Orange,1,Green,1,713,381.56241234221596,0.4319775596072931
place-north,15,Green,0,Orange,0,974,47.35728952772074,0.38295687885010266
place-north,15,Green,0,Orange,1,974,68.49075975359342,0.38295687885010266
place-north,15,Green,1,Orange,0,883,46.17893544733862,0.33748584371460927
place-north,15,Green,1,Orange,1,884,66.46719457013575,0.3438914027149321
place-north,15,Orange,0,Green,0,912,69.42872807017544,0.3859649122807017
place-north,15,Orange,0,Green,1,912,102.06907894736842,0.39035087719298245
place-north,15,Orange,1,Green,0,898,69.48775055679288,0.4053452115812918
place-north,15,Orange,1,Green,1,898,112.26169265033407,0.44766146993318484
place-north,16,Green,0,Orange,0,929,66.19052744886976,0.3745963401506997
place-north,16,Green,0,Orange,1,929,75.29386437029063,0.4219590958019376
place-north,16,Green,1,Orange,0,888,46.09121621621622,0.32094594594594594
place-north,16,Green,1,Orange,1,888,72.46171171171171,0.37725225225225223
place-north,16,Orange,0,Green,0,903,58.55038759689923,0.40753045404208194
place-north,16,Orange,0,Green,1,903,101.57364341085271,0.4219269102990033
place-north,16,Orange,1,Green,0,887,72.80608793686584,0.3664036076662909
place-north,16,Orange,1,Green,1,887,99.56369785794814,0.4047350620067644
place-north,17,Green,0,Orange,0,926,61.906047516198704,0.3898488120950324
place-north,17,Green,0,Orange,1,926,77.9244060475162,0.39092872570194387
place-north,17,Green,1,Orange,0,848,67.81839622641509,0.3584905660377358
place-north,17,Green,1,Orange,1,848,64.40919811320755,0.29245283018867924
place-north,17,Orange,0,Green,0,861,133.50290360046458,0.39605110336817656
place-north,17,Orange,0,Green,1,864,154.12037037037038,0.4988425925925926
place-north,17,Orange,1,Green,0,883,106.70894677236693,0.4190260475651189
place-north,17,Orange,1,Green,1,886,157.50451467268624,0.5011286681715575
place-north,18,Green,0,Orange,0,919,46.1240478781284,0.36887921653971706
place-north,18,Green,0,Orange,1,919,70.46463547334059,0.352557127312296
place-north,18,Green,1,Orange,0,908,42.51762114537445,0.3568281938325991
place-north,18,Green,1,Orange,1,909,77.61276127612761,0.3432343234323432
place-north,18,Orange,0,Green,0,888,116.65990990990991,0.41216216216216217
place-north,18,Orange,0,Green,1,895,149.5441340782123,0.4245810055865922
place-north,18,Orange,1,Green,0,891,107.90460157126824,0.40404040404040403
place-north,18,Orange,1,Green,1,898,138.60022271714922,0.4510022271714922
place-north,19,Green,0,Orange,0,963,65.02803738317758,0.367601246105919
place-north,19,Green,0,Orange,1,962,83.75675675675676,0.3762993762993763
place-north,19,Green,1,Orange,0,855,62.81988304093567,0.391812865497076
place-north,19,Green,1,Orange,1,856,82.4964953271028,0.3598130841121495
place-north,19,Orange,0,Green,0,822,76.64355231143553,0.4635036496350365
place-north,19,Orange,0,Green,1,830,117.10963855421687,0.39518072289156625
place-north,19,Orange,1,Green,0,874,75.27688787185355,0.477116704805492
place-north,19,Orange,1,Green,1,885,116.63841807909604,0.3943502824858757
place-north,20,Green,0,Orange,0,927,51.60086299892125,0.343042071197411
place-north,20,Green,0,Orange,1,924,74.03354978354979,0.3354978354978355
place-north,20,Green,1,Orange,0,938,48.70575692963752,0.2761194029850746
place-north,20,Green,1,Orange,1,938,76.86993603411514,0.31236673773987206
place-north,20,Orange,0,Green,0,734,76.4441416893733,0.47002724795640327
place-north,20,Orange,0,Green,1,742,87.6078167115903,0.48517520215633425
place-north,20,Orange,1,Green,0,752,72.78856382978724,0.46143617021276595
place-north,20,Orange,1,Green,1,768,81.08072916666667,0.4674479166666667
place-north,21,Green,0,Orange,0,953,70.8205666316894,0.4092339979013641
place-north,21,Green,0,Orange,1,951,85.78969505783385,0.4237644584647739
place-north,21,Green,1,Orange,0,824,73.74393203883496,0.32281553398058255
place-north,21,Green,1,Orange,1,825,77.5430303030303,0.3503030303030303
place-north,21,Orange,0,Green,0,769,58.19115734720416,0.42912873862158646
place-north,21,Orange,0,Green,1,773,145.39715394566625,0.535575679172057
place-north,21,Orange,1,Green,0,746,72.88471849865952,0.4168900804289544
place-north,21,Orange,1,Green,1,754,129.43766578249335,0.46551724137931033
place-north,22,Green,0,Orange,0,908,66.22907488986785,0.4834801762114537
place-north,22,Green,0,Orange,1,906,81.86534216335541,0.49448123620309054
place-north,22,Green,1,Orange,0,867,71.42214532871972,0.405997693194925
place-north,22,Green,1,Orange,1,872,82.8979357798165,0.4552752293577982
place-north,22,Orange,0,Green,0,748,70.04411764705883,0.5147058823529411
place-north,22,Orange,0,Green,1,731,137.8139534883721,0.5266757865937073
place-north,22,Orange,1,Green,0,749,89.3004005340454,0.5487316421895861
place-north,22,Orange,1,Green,1,741,129.38326585695006,0.562753036437247
place-north,23,Green,0,Orange,0,781,67.89628681177977,0.6235595390524968
place-north,23,Green,0,Orange,1,749,57.21895861148197,0.5607476635514018
place-north,23,Green,1,Orange,0,759,71.08300395256917,0.5691699604743083
place-north,23,Green,1,Orange,1,746,75.96246648793566,0.5509383378016086
place-north,23,Orange,0,Green,0,681,73.42290748898678,0.5286343612334802
place-north,23,Orange,0,Green,1,637,129.1679748822606,0.6373626373626373
place-north,23,Orange,1,Green,0,654,81.11162079510703,0.5122324159021406
place-north,23,Orange,1,Green,1,623,128.6131621187801,0.5906902086677368
place-pktrm,0,Green,0,Red,0,1199,465.09257714762305,0.25854879065888237
place-pktrm,0,Green,0,Red,1,1366,444.0688140556369,0.27818448023426057
place-pktrm,0,Green,1,Red,0,1252,704.89696485623,0.2859424920127795
place-pktrm,0,Green,1,Red,1,1427,575.1969166082691,0.25297827610371404
place-pktrm,0,Red,0,Green,0,536,94.74067164179104,0.40671641791044777
place-pktrm,0,Red,0,Green,1,536,96.29664179104478,0.3787313432835821
place-pktrm,0,Red,1,Green,0,579,62.13989637305699,0.29533678756476683
place-pktrm,0,Red,1,Green,1,579,68.41450777202073,0.33678756476683935
place-pktrm,1,Green,0,Red,0,160,849.58125,0.35625
place-pktrm,1,Green,0,Red,1,179,645.5083798882681,0.36312849162011174
place-pktrm,1,Green,1,Red,0,161,3714.0,0.22981366459627328
place-pktrm,1,Green,1,Red,1,174,3507.3793103448274,0.28735632183908044
place-pktrm,1,Red,0,Green,0,88,142.1818181818182,0.32954545454545453
place-pktrm,1,Red,0,Green,1,88,369.125,0.4659090909090909
place-pktrm,1,Red,1,Green,0,105,190.15238095238095,0.23809523809523805
place-pktrm,1,Red,1,Green,1,105,157.5047619047619,0.44761904761904764
place-pktrm,2,Green,0,Red,0,7,15018.857142857143,0.14285714285714285
place-pktrm,2,Green,0,Red,1,8,8506.375,0.125
place-pktrm,2,Green,1,Red,0,21,10058.142857142857,0.0
place-pktrm,2,Green,1,Red,1,24,10092.958333333334,0.041666666666666664
place-pktrm,2,Red,0,Green,0,1,6793.0,0.0
place-pktrm,2,Red,0,Green,1,1,0.0,0.0
place-pktrm,3,Green,1,Red,0,2,5956.5,0.0
place-pktrm,3,Green,1,Red,1,2,6635.5,0.0
place-pktrm,4,Green,0,Red,0,2,655.0,0.0
place-pktrm,4,Green,0,Red,1,2,2364.5,0.0
place-pktrm,5,Green,0,Red,0,740,130.47432432432433,0.12297297297297294
place-pktrm,5,Green,0,Red,1,849,50.302709069493524,0.17667844522968196
place-pktrm,5,Green,1,Red,0,760,113.31315789473685,0.10394736842105258
place-pktrm,5,Green,1,Red,1,865,88.07052023121388,0.17456647398843927
place-pktrm,5,Red,0,Green,0,238,208.7016806722689,0.21008403361344535
place-pktrm,5,Red,0,Green,1,238,70.73109243697479,0.2436974789915966
place-pktrm,5,Red,1,Green,0,370,121.2054054054054,0.16486486486486485
place-pktrm,5,Red,1,Green,1,370,54.1027027027027,0.18648648648648644
place-pktrm,6,Green,0,Red,0,1597,87.18346900438321,0.20726361928616152
place-pktrm,6,Green,0,Red,1,1818,48.35258525852585,0.2816281628162816
place-pktrm,6,Green,1,Red,0,1463,65.16404647983596,0.14900888585099106
place-pktrm,6,Green,1,Red,1,1660,54.66385542168675,0.23433734939759032
place-pktrm,6,Red,0,Green,0,702,65.38603988603988,0.3717948717948718
place-pktrm,6,Red,0,Green,1,702,60.655270655270655,0.38176638176638167
place-pktrm,6,Red,1,Green,0,832,74.22115384615384,0.34375
place-pktrm,6,Red,1,Green,1,832,56.89903846153846,0.3245192307692308
place-pktrm,7,Green,0,Red,0,1624,105.73953201970443,0.1588669950738916
place-pktrm,7,Green,0,Red,1,1842,66.57328990228012,0.28501628664495116
place-pktrm,7,Green,1,Red,0,1679,70.05598570577725,0.13758189398451456
place-pktrm,7,Green,1,Red,1,1902,63.93953732912723,0.25920084121976866
place-pktrm,7,Red,0,Green,0,792,62.42424242424242,0.5618686868686869
place-pktrm,7,Red,0,Green,1,792,61.04419191919192,0.6174242424242424
place-pktrm,7,Red,1,Green,0,820,59.73658536585366,0.44146341463414634
place-pktrm,7,Red,1,Green,1,820,58.75609756097561,0.5426829268292683
place-pktrm,8,Green,0,Red,0,1662,95.24548736462094,0.20216606498194942
place-pktrm,8,Green,0,Red,1,1893,75.62440570522979,0.36344426835710514
place-pktrm,8,Green,1,Red,0,1736,93.54608294930875,0.1682027649769585
place-pktrm,8,Green,1,Red,1,1969,77.26714068054851,0.31691213814118835
place-pktrm,8,Red,0,Green,0,745,56.81744966442953,0.6442953020134228
place-pktrm,8,Red,0,Green,1,745,38.74630872483222,0.6322147651006711
place-pktrm,8,Red,1,Green,0,852,52.10798122065728,0.45422535211267606
place-pktrm,8,Red,1,Green,1,852,43.0962441314554,0.45422535211267606
place-pktrm,9,Green,0,Red,0,1708,105.2652224824356,0.21896955503512877
place-pktrm,9,Green,0,Red,1,1925,63.97038961038961,0.3168831168831169
place-pktrm,9,Green,1,Red,0,1752,82.89155251141553,0.16609589041095887
place-pktrm,9,Green,1,Red,1,1975,60.97518987341772,0.2673417721518987
place-pktrm,9,Red,0,Green,0,772,57.27461139896373,0.6463730569948186
place-pktrm,9,Red,0,Green,1,772,43.01813471502591,0.6398963730569949
place-pktrm,9,Red,1,Green,0,830,56.795180722891565,0.5072289156626506
place-pktrm,9,Red,1,Green,1,830,39.99518072289157,0.472289156626506
place-pktrm,10,Green,0,Red,0,1695,92.43716814159292,0.20353982300884957
place-pktrm,10,Green,0,Red,1,1913,76.74908520648196,0.34134866701515937
place-pktrm,10,Green,1,Red,0,1743,93.51692484222605,0.17957544463568556
place-pktrm,10,Green,1,Red,1,1976,70.86892712550608,0.30617408906882587
place-pktrm,10,Red,0,Green,0,750,54.82933333333333,0.6293333333333333
place-pktrm,10,Red,0,Green,1,750,53.448,0.6546666666666666
place-pktrm,10,Red,1,Green,0,760,53.50394736842105,0.4710526315789474
place-pktrm,10,Red,1,Green,1,760,50.464473684210525,0.5184210526315789
place-pktrm,11,Green,0,Red,0,1687,72.39893301719027,0.22406639004149373
place-pktrm,11,Green,0,Red,1,1914,63.003657262277954,0.2904911180773249
place-pktrm,11,Green,1,Red,0,1731,77.26516464471403,0.17562102830733678
place-pktrm,11,Green,1,Red,1,1955,62.374424552429666,0.24603580562659844
place-pktrm,11,Red,0,Green,0,688,55.520348837209305,0.5915697674418605
place-pktrm,11,Red,0,Green,1,688,59.29505813953488,0.6816860465116279
place-pktrm,11,Red,1,Green,0,774,49.44961240310077,0.5077519379844961
place-pktrm,11,Red,1,Green,1,774,55.71576227390181,0.58656330749354
place-pktrm,12,Green,0,Red,0,1674,90.42592592592592,0.20250896057347667
place-pktrm,12,Green,0,Red,1,1892,61.994714587737846,0.304968287526427
place-pktrm,12,Green,1,Red,0,1707,95.98066783831283,0.17574692442882245
place-pktrm,12,Green,1,Red,1,1930,63.307253886010365,0.2694300518134715
place-pktrm,12,Red,0,Green,0,707,56.960396039603964,0.6661951909476662
place-pktrm,12,Red,0,Green,1,707,66.93776520509194,0.6973125884016973
place-pktrm,12,Red,1,Green,0,794,58.358942065491185,0.45465994962216627
place-pktrm,12,Red,1,Green,1,794,53.39168765743073,0.5163727959697733
place-pktrm,13,Green,0,Red,0,1652,83.29842615012106,0.2318401937046005
place-pktrm,13,Green,0,Red,1,1872,56.2366452991453,0.3274572649572649
place-pktrm,13,Green,1,Red,0,1684,87.020783847981,0.17755344418052252
place-pktrm,13,Green,1,Red,1,1904,54.734243697478995,0.2841386554621848
place-pktrm,13,Red,0,Green,0,696,52.6551724137931,0.6235632183908046
place-pktrm,13,Red,0,Green,1,696,56.39080459770115,0.6422413793103449
place-pktrm,13,Red,1,Green,0,774,51.298449612403104,0.42118863049095606
place-pktrm,13,Red,1,Green,1,774,46.174418604651166,0.45219638242894056
place-pktrm,14,Green,0,Red,0,1685,85.21364985163204,0.2213649851632047
place-pktrm,14,Green,0,Red,1,1894,57.97307286166843,0.3384371700105597
place-pktrm,14,Green,1,Red,0,1707,91.16988869361452,0.1786760398359695
place-pktrm,14,Green,1,Red,1,1924,58.07848232848233,0.29677754677754675
place-pktrm,14,Red,0,Green,0,724,46.533149171270715,0.6077348066298343
place-pktrm,14,Red,0,Green,1,724,51.780386740331494,0.6629834254143646
place-pktrm,14,Red,1,Green,0,777,45.001287001287004,0.38996138996138996
place-pktrm,14,Red,1,Green,1,777,50.97812097812098,0.41827541827541825
place-pktrm,15,Green,0,Red,0,1681,99.81558596073765,0.24152290303390836
place-pktrm,15,Green,0,Red,1,1906,61.79328436516264,0.39664218258132217
place-pktrm,15,Green,1,Red,0,1702,108.2256169212691,0.217978848413631
place-pktrm,15,Green,1,Red,1,1925,59.348571428571425,0.35220779220779214
place-pktrm,15,Red,0,Green,0,690,52.53188405797101,0.618840579710145
place-pktrm,15,Red,0,Green,1,690,59.778260869565216,0.6202898550724638
place-pktrm,15,Red,1,Green,0,790,55.86582278481013,0.40379746835443037
place-pktrm,15,Red,1,Green,1,790,64.80506329113923,0.43670886075949367
place-pktrm,16,Green,0,Red,0,1698,87.41696113074205,0.24970553592461717
place-pktrm,16,Green,0,Red,1,1909,67.18648507071765,0.3766369827134625
place-pktrm,16,Green,1,Red,0,1720,104.62151162790698,0.2145348837209302
place-pktrm,16,Green,1,Red,1,1933,61.55250905328505,0.3316088980858769
place-pktrm,16,Red,0,Green,0,754,55.39655172413793,0.6286472148541115
place-pktrm,16,Red,0,Green,1,754,61.754641909814325,0.6551724137931034
place-pktrm,16,Red,1,Green,0,780,46.944871794871794,0.40512820512820513
place-pktrm,16,Red,1,Green,1,780,54.333333333333336,0.47307692307692306
place-pktrm,17,Green,0,Red,0,1632,92.06924019607843,0.23284313725490194
place-pktrm,17,Green,0,Red,1,1865,57.6171581769437,0.4032171581769437
place-pktrm,17,Green,1,Red,0,1662,91.33453670276775,0.16847172081829118
place-pktrm,17,Green,1,Red,1,1881,62.15204678362573,0.341839447102605
place-pktrm,17,Red,0,Green,0,711,47.924050632911396,0.6511954992967651
place-pktrm,17,Red,0,Green,1,711,63.38677918424754,0.729957805907173
place-pktrm,17,Red,1,Green,0,814,53.266584766584764,0.4238329238329238
place-pktrm,17,Red,1,Green,1,814,60.36609336609337,0.4828009828009828
place-pktrm,18,Green,0,Red,0,1734,82.52018454440599,0.2012687427912341
place-pktrm,18,Green,0,Red,1,1947,55.56497175141243,0.3713405238828968
place-pktrm,18,Green,1,Red,0,1770,84.68813559322034,0.18926553672316382
place-pktrm,18,Green,1,Red,1,2002,55.484515484515484,0.33166833166833165
place-pktrm,18,Red,0,Green,0,744,47.626344086021504,0.6666666666666666
place-pktrm,18,Red,0,Green,1,744,51.00672043010753,0.7123655913978495
place-pktrm,18,Red,1,Green,0,786,56.717557251908396,0.47837150127226463
place-pktrm,18,Red,1,Green,1,786,50.67175572519084,0.5152671755725191
place-pktrm,19,Green,0,Red,0,1717,84.84973791496797,0.2475247524752475
place-pktrm,19,Green,0,Red,1,1933,56.08070356958096,0.3833419555095706
place-pktrm,19,Green,1,Red,0,1679,88.2424061941632,0.23228111971411552
place-pktrm,19,Green,1,Red,1,1886,54.76405090137858,0.37592788971367974
place-pktrm,19,Red,0,Green,0,727,49.75790921595598,0.6767537826685007
place-pktrm,19,Red,0,Green,1,727,52.63823933975241,0.6506189821182944
place-pktrm,19,Red,1,Green,0,802,53.87655860349127,0.4613466334164589
place-pktrm,19,Red,1,Green,1,802,55.48379052369077,0.48503740648379046
place-pktrm,20,Green,0,Red,0,1664,85.90504807692308,0.2674278846153846
place-pktrm,20,Green,0,Red,1,1892,65.6416490486258,0.41807610993657507
place-pktrm,20,Green,1,Red,0,1751,92.2632781267847,0.23186750428326663
place-pktrm,20,Green,1,Red,1,1990,69.44271356783919,0.3944723618090452
place-pktrm,20,Red,0,Green,0,732,53.66256830601093,0.6871584699453552
place-pktrm,20,Red,0,Green,1,732,55.47950819672131,0.6830601092896175
place-pktrm,20,Red,1,Green,0,753,52.66401062416999,0.46215139442231074
place-pktrm,20,Red,1,Green,1,753,55.98140770252324,0.4701195219123506
place-pktrm,21,Green,0,Red,0,1720,104.27151162790697,0.34651162790697676
place-pktrm,21,Green,0,Red,1,1943,72.5084920226454,0.4379825012866701
place-pktrm,21,Green,1,Red,0,1665,99.68168168168168,0.3129129129129129
place-pktrm,21,Green,1,Red,1,1885,77.57347480106101,0.42917771883289124
place-pktrm,21,Red,0,Green,0,693,49.085137085137085,0.6435786435786436
place-pktrm,21,Red,0,Green,1,693,62.18759018759019,0.6883116883116883
place-pktrm,21,Red,1,Green,0,704,48.8125,0.4815340909090909
place-pktrm,21,Red,1,Green,1,704,60.21022727272727,0.5042613636363636
place-pktrm,22,Green,0,Red,0,1578,92.76425855513308,0.41064638783269963
place-pktrm,22,Green,0,Red,1,1808,71.10342920353982,0.4551991150442478
place-pktrm,22,Green,1,Red,0,1607,91.46235220908525,0.3808338518979465
place-pktrm,22,Green,1,Red,1,1843,75.06022788931091,0.4525230602278893
place-pktrm,22,Red,0,Green,0,634,58.11514195583596,0.6025236593059937
place-pktrm,22,Red,0,Green,1,634,58.21608832807571,0.6482649842271293
place-pktrm,22,Red,1,Green,0,692,50.414739884393065,0.49277456647398843
place-pktrm,22,Red,1,Green,1,692,58.94364161849711,0.5722543352601156
place-pktrm,23,Green,0,Red,0,1401,89.08493932905068,0.48394004282655245
place-pktrm,23,Green,0,Red,1,1568,78.62372448979592,0.5714285714285714
place-pktrm,23,Green,1,Red,0,1394,92.35365853658537,0.445480631276901
place-pktrm,23,Green,1,Red,1,1561,79.41063420884049,0.5592568866111467
place-pktrm,23,Red,0,Green,0,572,56.14335664335665,0.6643356643356644
place-pktrm,23,Red,0,Green,1,578,58.41522491349481,0.7647058823529411
place-pktrm,23,Red,1,Green,0,627,52.28389154704944,0.6156299840510366
place-pktrm,23,Red,1,Green,1,631,51.37717908082409,0.6735340729001584
place-state,0,Blue,0,Orange,0,333,1538.147147147147,0.2702702702702703
place-state,0,Blue,0,Orange,1,331,692.8459214501511,0.38972809667673713
place-state,0,Blue,1,Orange,0,286,655.4125874125874,0.3251748251748251
place-state,0,Blue,1,Orange,1,287,179.93031358885017,0.3414634146341463
place-state,0,Orange,0,Blue,0,478,731.1778242677824,0.09832635983263593
place-state,0,Orange,0,Blue,1,612,228.17320261437908,0.06045751633986926
place-state,0,Orange,1,Blue,0,485,905.2969072164949,0.08865979381443298
place-state,0,Orange,1,Blue,1,627,394.8165869218501,0.06060606060606058
place-state,1,Blue,0,Orange,0,80,3031.3375,0.4625
place-state,1,Blue,0,Orange,1,80,2177.3625,0.36249999999999993
place-state,1,Blue,1,Orange,0,63,1017.7301587301587,0.23809523809523808
place-state,1,Blue,1,Orange,1,67,1065.686567164179,0.2388059701492537
place-state,1,Orange,0,Blue,0,69,3337.2753623188405,0.08695652173913043
place-state,1,Orange,0,Blue,1,94,1495.6914893617022,0.05319148936170212
place-state,1,Orange,1,Blue,0,76,3018.0789473684213,0.23684210526315788
place-state,1,Orange,1,Blue,1,105,1886.5523809523809,0.11428571428571425
place-state,2,Blue,1,Orange,0,1,11489.0,0.0
place-state,2,Blue,1,Orange,1,2,11818.0,0.5
place-state,2,Orange,0,Blue,0,3,11228.666666666666,0.0
place-state,2,Orange,0,Blue,1,3,8030.333333333333,0.0
place-state,2,Orange,1,Blue,0,6,10798.333333333334,0.0
place-state,2,Orange,1,Blue,1,6,10174.166666666666,0.0
place-state,4,Blue,1,Orange,0,2,2379.0,0.0
place-state,4,Blue,1,Orange,1,2,2416.0,0.0
place-state,5,Blue,0,Orange,0,459,94.24183006535948,0.25054466230936817
place-state,5,Blue,0,Orange,1,459,192.45315904139434,0.2875816993464052
place-state,5,Blue,1,Orange,0,439,100.82687927107061,0.2574031890660592
place-state,5,Blue,1,Orange,1,439,196.18451025056947,0.3211845102505695
place-state,5,Orange,0,Blue,0,458,156.3187772925764,0.17467248908296942
place-state,5,Orange,0,Blue,1,460,184.3304347826087,0.21956521739130433
place-state,5,Orange,1,Blue,0,387,97.11111111111111,0.08010335917312657
place-state,5,Orange,1,Blue,1,387,148.2532299741602,0.08010335917312658
place-state,6,Blue,0,Orange,0,831,260.8567990373044,0.4127557160048134
place-state,6,Blue,0,Orange,1,831,205.35499398315284,0.3525872442839951
place-state,6,Blue,1,Orange,0,833,216.74789915966386,0.2472989195678271
place-state,6,Blue,1,Orange,1,833,185.15726290516207,0.26410564225690275
place-state,6,Orange,0,Blue,0,909,74.24532453245324,0.11881188118811879
place-state,6,Orange,0,Blue,1,915,124.07103825136612,0.3038251366120219
place-state,6,Orange,1,Blue,0,863,75.56662804171495,0.12166859791425255
place-state,6,Orange,1,Blue,1,863,105.56546929316339,0.22247972190034757
place-state,7,Blue,0,Orange,0,874,288.9782608695652,0.5251716247139588
place-state,7,Blue,0,Orange,1,874,229.54691075514873,0.4782608695652174
place-state,7,Blue,1,Orange,0,858,231.37412587412587,0.28671328671328666
place-state,7,Blue,1,Orange,1,858,182.23776223776227,0.26806526806526804
place-state,7,Orange,0,Blue,0,919,52.606093579978236,0.10010881392818276
place-state,7,Orange,0,Blue,1,922,90.68438177874187,0.2841648590021692
place-state,7,Orange,1,Blue,0,917,51.24318429661941,0.13958560523446017
place-state,7,Orange,1,Blue,1,917,102.06870229007633,0.3238822246455834
place-state,8,Blue,0,Orange,0,899,223.38820912124584,0.4905450500556173
place-state,8,Blue,0,Orange,1,899,219.8642936596218,0.5027808676307007
place-state,8,Blue,1,Orange,0,895,183.82122905027933,0.3486033519553072
place-state,8,Blue,1,Orange,1,895,202.30614525139666,0.3776536312849162
place-state,8,Orange,0,Blue,0,880,69.03181818181818,0.16022727272727266
place-state,8,Orange,0,Blue,1,889,69.96287964004499,0.2553430821147356
place-state,8,Orange,1,Blue,0,901,81.2219755826859,0.17647058823529407
place-state,8,Orange,1,Blue,1,901,57.724750277469475,0.21309655937846833
place-state,9,Blue,0,Orange,0,844,83.84834123222748,0.48696682464454977
place-state,9,Blue,0,Orange,1,844,126.43364928909952,0.5225118483412322
place-state,9,Blue,1,Orange,0,864,123.50925925925925,0.4398148148148148
place-state,9,Blue,1,Orange,1,864,119.36342592592592,0.44907407407407407
place-state,9,Orange,0,Blue,0,893,98.77379619260918,0.1802911534154535
place-state,9,Orange,0,Blue,1,894,53.79865771812081,0.1812080536912751
place-state,9,Orange,1,Blue,0,910,83.64395604395604,0.1527472527472527
place-state,9,Orange,1,Blue,1,910,63.95384615384615,0.17252747252747247
place-state,10,Blue,0,Orange,0,538,97.46654275092936,0.6115241635687733
place-state,10,Blue,0,Orange,1,538,68.72118959107807,0.5892193308550185
place-state,10,Blue,1,Orange,0,576,75.07118055555556,0.4722222222222222
place-state,10,Blue,1,Orange,1,576,60.78993055555556,0.5208333333333334
place-state,10,Orange,0,Blue,0,774,144.56330749354007,0.14599483204134364
place-state,10,Orange,0,Blue,1,776,120.76030927835052,0.13273195876288657
place-state,10,Orange,1,Blue,0,843,149.6749703440095,0.1008303677342823
place-state,10,Orange,1,Blue,1,843,161.12574139976275,0.11862396204033211
place-state,11,Blue,0,Orange,0,468,74.74786324786325,0.5811965811965812
place-state,11,Blue,0,Orange,1,468,74.60470085470085,0.5405982905982906
place-state,11,Blue,1,Orange,0,463,54.98920086393088,0.5399568034557235
place-state,11,Blue,1,Orange,1,463,60.926565874730024,0.5485961123110151
place-state,11,Orange,0,Blue,0,714,126.30952380952381,0.14005602240896353
place-state,11,Orange,0,Blue,1,714,107.74089635854342,0.1260504201680672
place-state,11,Orange,1,Blue,0,745,104.91275167785236,0.1100671140939597
place-state,11,Orange,1,Blue,1,745,126.86577181208054,0.11812080536912747
place-state,12,Blue,0,Orange,0,552,67.7663043478261,0.5235507246376812
place-state,12,Blue,0,Orange,1,552,68.1413043478261,0.47101449275362317
place-state,12,Blue,1,Orange,0,542,53.199261992619924,0.47601476014760147
place-state,12,Blue,1,Orange,1,542,68.97785977859779,0.492619926199262
place-state,12,Orange,0,Blue,0,736,96.2336956521739,0.18614130434782605
place-state,12,Orange,0,Blue,1,736,96.11684782608695,0.18342391304347822
place-state,12,Orange,1,Blue,0,728,98.07142857142857,0.14423076923076922
place-state,12,Orange,1,Blue,1,728,96.58928571428571,0.14423076923076922
place-state,13,Blue,0,Orange,0,666,83.34384384384384,0.5075075075075075
place-state,13,Blue,0,Orange,1,666,103.78228228228228,0.5495495495495496
place-state,13,Blue,1,Orange,0,649,86.83821263482281,0.4637904468412943
place-state,13,Blue,1,Orange,1,649,78.33590138674884,0.50231124807396
place-state,13,Orange,0,Blue,0,735,64.39863945578232,0.14149659863945574
place-state,13,Orange,0,Blue,1,735,71.91292517006802,0.15102040816326526
place-state,13,Orange,1,Blue,0,728,70.07005494505495,0.1263736263736263
place-state,13,Orange,1,Blue,1,728,97.30906593406593,0.12912087912087908
place-state,14,Blue,0,Orange,0,784,60.61734693877551,0.5318877551020408
place-state,14,Blue,0,Orange,1,784,87.69260204081633,0.5510204081632653
place-state,14,Blue,1,Orange,0,762,62.011811023622045,0.4868766404199475
place-state,14,Blue,1,Orange,1,762,59.227034120734906,0.4435695538057743
place-state,14,Orange,0,Blue,0,844,77.17417061611374,0.164691943127962
place-state,14,Orange,0,Blue,1,845,97.46390532544379,0.23786982248520708
place-state,14,Orange,1,Blue,0,756,80.65343915343915,0.1547619047619047
place-state,14,Orange,1,Blue,1,756,83.9484126984127,0.15608465608465605
place-state,15,Blue,0,Orange,0,841,63.28894173602854,0.5219976218787158
place-state,15,Blue,0,Orange,1,841,83.36979785969085,0.5231866825208086
place-state,15,Blue,1,Orange,0,832,52.50480769230769,0.46153846153846156
place-state,15,Blue,1,Orange,1,832,60.88461538461539,0.47475961538461536
place-state,15,Orange,0,Blue,0,908,63.180616740088105,0.18612334801762112
place-state,15,Orange,0,Blue,1,911,79.23929747530187,0.23161361141602632
place-state,15,Orange,1,Blue,0,870,68.8287356321839,0.22758620689655168
place-state,15,Orange,1,Blue,1,870,65.76091954022988,0.22413793103448273
place-state,16,Blue,0,Orange,0,862,56.16357308584687,0.5185614849187935
place-state,16,Blue,0,Orange,1,862,74.29698375870069,0.4895591647331787
place-state,16,Blue,1,Orange,0,867,56.44175317185698,0.4544405997693195
place-state,16,Blue,1,Orange,1,867,95.98154555940023,0.5178777393310265
place-state,16,Orange,0,Blue,0,888,86.78153153153153,0.21396396396396394
place-state,16,Orange,0,Blue,1,891,63.11784511784512,0.20875420875420872
place-state,16,Orange,1,Blue,0,881,93.35868331441544,0.21225879682179338
place-state,16,Orange,1,Blue,1,881,69.96254256526674,0.16685584562996592
place-state,17,Blue,0,Orange,0,867,77.2641291810842,0.5420991926182238
place-state,17,Blue,0,Orange,1,867,75.14763552479815,0.5178777393310265
place-state,17,Blue,1,Orange,0,868,54.314516129032256,0.478110599078341
place-state,17,Blue,1,Orange,1,868,67.57373271889401,0.5034562211981567
place-state,17,Orange,0,Blue,0,863,60.65816917728853,0.21668597914252605
place-state,17,Orange,0,Blue,1,868,76.90668202764977,0.24999999999999997
place-state,17,Orange,1,Blue,0,896,52.455357142857146,0.20089285714285712
place-state,17,Orange,1,Blue,1,896,63.458705357142854,0.23325892857142852
place-state,18,Blue,0,Orange,0,820,46.39756097560976,0.5475609756097561
place-state,18,Blue,0,Orange,1,820,66.72560975609755,0.5670731707317073
place-state,18,Blue,1,Orange,0,832,51.38100961538461,0.5540865384615384
place-state,18,Blue,1,Orange,1,832,62.39783653846154,0.5564903846153846
place-state,18,Orange,0,Blue,0,896,71.72433035714286,0.21205357142857137
place-state,18,Orange,0,Blue,1,898,68.70489977728285,0.24053452115812915
place-state,18,Orange,1,Blue,0,888,94.6981981981982,0.22184684684684677
place-state,18,Orange,1,Blue,1,888,83.08783783783784,0.22184684684684677
place-state,19,Blue,0,Orange,0,743,76.2328398384926,0.576043068640646
place-state,19,Blue,0,Orange,1,743,80.45087483176312,0.550471063257066
place-state,19,Blue,1,Orange,0,760,54.973684210526315,0.5434210526315789
place-state,19,Blue,1,Orange,1,760,65.89473684210526,0.5776315789473684
place-state,19,Orange,0,Blue,0,846,88.43144208037825,0.17021276595744678
place-state,19,Orange,0,Blue,1,852,67.35446009389672,0.17840375586854457
place-state,19,Orange,1,Blue,0,879,76.15699658703072,0.18202502844141066
place-state,19,Orange,1,Blue,1,879,82.20250284414107,0.17861205915813422
place-state,20,Blue,0,Orange,0,701,71.73038516405136,0.514978601997147
place-state,20,Blue,0,Orange,1,701,94.52211126961484,0.5534950071326676
place-state,20,Blue,1,Orange,0,684,72.19590643274854,0.5277777777777778
place-state,20,Blue,1,Orange,1,684,89.85380116959064,0.5701754385964912
place-state,20,Orange,0,Blue,0,737,75.56037991858886,0.3256445047489824
place-state,20,Orange,0,Blue,1,746,85.95844504021447,0.2841823056300268
place-state,20,Orange,1,Blue,0,749,96.93991989319092,0.25500667556742324
place-state,20,Orange,1,Blue,1,754,97.0079575596817,0.22148541114058357
place-state,21,Blue,0,Orange,0,586,74.13310580204778,0.5477815699658704
place-state,21,Blue,0,Orange,1,586,67.11262798634812,0.5750853242320819
place-state,21,Blue,1,Orange,0,565,72.66725663716814,0.5185840707964602
place-state,21,Blue,1,Orange,1,565,80.45309734513275,0.5681415929203539
place-state,21,Orange,0,Blue,0,748,84.09491978609626,0.3262032085561497
place-state,21,Orange,0,Blue,1,762,97.8241469816273,0.3044619422572178
place-state,21,Orange,1,Blue,0,738,85.00677506775068,0.22899728997289973
place-state,21,Orange,1,Blue,1,752,120.47606382978724,0.1994680851063829
place-state,22,Blue,0,Orange,0,582,75.64604810996563,0.5721649484536082
place-state,22,Blue,0,Orange,1,582,91.46048109965636,0.6460481099656358
place-state,22,Blue,1,Orange,0,582,62.487972508591064,0.5085910652920962
place-state,22,Blue,1,Orange,1,582,84.00171821305842,0.5738831615120275
place-state,22,Orange,0,Blue,0,734,81.15667574931881,0.32697547683923706
place-state,22,Orange,0,Blue,1,736,88.66983695652173,0.2771739130434782
place-state,22,Orange,1,Blue,0,739,71.9851150202977,0.25845737483085246
place-state,22,Orange,1,Blue,1,747,114.86211512717537,0.24364123159303883
place-state,23,Blue,0,Orange,0,484,46.85950413223141,0.6880165289256198
place-state,23,Blue,0,Orange,1,477,67.71069182389937,0.7379454926624738
place-state,23,Blue,1,Orange,0,458,48.18777292576419,0.5851528384279476
place-state,23,Blue,1,Orange,1,452,85.03761061946902,0.6371681415929203
place-state,23,Orange,0,Blue,0,640,88.175,0.478125
place-state,23,Orange,0,Blue,1,682,97.05131964809384,0.4340175953079179
place-state,23,Orange,1,Blue,0,594,84.96969696969697,0.42424242424242425
place-state,23,Orange,1,Blue,1,633,101.89573459715639,0.325434439178515
